"Data","Último","Abertura","Máxima","Mínima","Vol.","Var%"
"02.12.2025","14,92","14,75","15,02","14,72","30,60K","1,08%"
"01.12.2025","14,76","15,20","15,20","14,73","82,27K","-2,96%"
"28.11.2025","15,21","15,11","15,29","15,08","51,46K","0,46%"
"26.11.2025","15,14","14,90","15,19","14,86","65,89K","1,54%"
"25.11.2025","14,91","14,84","14,97","14,79","41,11K","0,61%"
"24.11.2025","14,82","14,80","14,96","14,70","38,83K","0,27%"
"21.11.2025","14,78","14,72","14,83","14,56","38,91K","0,82%"
"20.11.2025","14,66","14,69","14,80","14,58","39,30K","0,00%"
"19.11.2025","14,66","14,65","15,05","14,62","62,10K","-0,27%"
"18.11.2025","14,70","14,80","14,88","14,63","50,48K","-0,68%"
"17.11.2025","14,80","14,86","14,94","14,65","53,27K","-1,07%"
"14.11.2025","14,96","14,44","15,05","14,35","80,72K","3,60%"
"13.11.2025","14,44","14,53","14,77","14,37","47,40K","-0,55%"
"12.11.2025","14,52","14,27","14,57","14,18","49,53K","1,89%"
"11.11.2025","14,25","14,27","14,48","14,17","36,60K","0,35%"
"10.11.2025","14,20","14,17","14,42","14,08","55,84K","0,71%"
"07.11.2025","14,10","14,20","14,37","14,07","46,72K","-0,63%"
"06.11.2025","14,19","14,08","14,44","14,04","53,61K","0,57%"
"05.11.2025","14,11","14,22","14,32","14,05","50,62K","-0,77%"
"04.11.2025","14,22","14,65","14,72","14,13","60,34K","-2,94%"
"03.11.2025","14,65","14,49","14,73","14,36","71,59K","1,52%"
"31.10.2025","14,43","14,40","14,49","14,20","62,05K","1,05%"
"30.10.2025","14,28","14,35","14,42","14,07","68,65K","-0,97%"
"29.10.2025","14,42","14,40","14,56","14,21","61,87K","0,35%"
"28.10.2025","14,37","14,50","14,59","14,28","65,66K","-0,62%"
"27.10.2025","14,46","15,01","15,04","14,34","84,18K","-3,41%"
"24.10.2025","14,97","15,20","15,34","14,93","56,32K","-2,09%"
"23.10.2025","15,29","15,25","15,44","15,18","44,72K","1,26%"
"22.10.2025","15,10","15,28","15,44","15,03","52,81K","-0,92%"
"21.10.2025","15,24","15,77","15,82","15,10","73,88K","-3,05%"
"20.10.2025","15,72","15,53","15,78","15,51","41,49K","1,42%"
"17.10.2025","15,50","15,86","15,88","15,45","40,67K","-1,90%"
"16.10.2025","15,80","15,67","15,87","15,58","47,60K","0,70%"
"15.10.2025","15,69","15,90","15,91","15,53","48,03K","-1,20%"
"14.10.2025","15,88","15,59","15,94","15,36","84,04K","1,73%"
"13.10.2025","15,61","16,19","16,21","15,53","93,34K","-3,04%"
"10.10.2025","16,10","16,28","16,35","15,97","43,29K","-0,98%"
"09.10.2025","16,26","16,33","16,40","16,16","38,71K","-0,18%"
"08.10.2025","16,29","16,66","16,74","16,26","49,14K","-2,04%"
"07.10.2025","16,63","16,75","16,88","16,39","62,51K","-1,07%"
"06.10.2025","16,81","16,51","16,83","16,48","52,13K","2,06%"
"03.10.2025","16,47","16,44","16,60","16,40","36,23K","0,43%"
"02.10.2025","16,40","16,17","16,54","16,16","64,25K","1,67%"
"01.10.2025","16,13","16,59","16,63","16,04","76,42K","0,19%"
"30.09.2025","16,10","16,02","16,25","15,83","6,38K","0,50%"
"29.09.2025","16,02","15,86","16,05","15,78","26,10K","0,95%"
"26.09.2025","15,87","15,75","15,96","15,68","43,56K","0,70%"
"25.09.2025","15,76","15,62","15,79","15,44","35,16K","0,77%"
"24.09.2025","15,64","15,67","15,75","15,56","51,07K","-3,16%"
"23.09.2025","16,15","15,90","16,19","15,76","97,64K","1,51%"
"22.09.2025","15,91","16,15","16,29","15,84","67,42K","2,91%"
"19.09.2025","15,46","15,38","15,65","15,31","39,40K","0,52%"
"18.09.2025","15,38","15,53","15,54","15,16","46,11K","-1,03%"
"17.09.2025","15,54","15,84","15,93","15,50","36,91K","-2,26%"
"16.09.2025","15,90","15,95","16,10","15,82","90,40K","-0,63%"
"15.09.2025","16,00","15,84","16,13","15,80","105,49K","1,33%"
"12.09.2025","15,79","15,78","15,87","15,67","82,20K","-0,19%"
"11.09.2025","15,82","15,93","15,99","15,72","85,85K","-0,69%"
"10.09.2025","15,93","15,88","16,02","15,70","82,85K","0,57%"
"09.09.2025","15,84","15,65","15,92","15,62","105,03K","1,34%"
"08.09.2025","15,63","15,60","15,70","15,38","96,49K","0,51%"
"05.09.2025","15,55","15,73","15,74","15,51","104,46K","-0,89%"
"04.09.2025","15,69","16,06","16,09","15,66","91,08K","-2,12%"
"03.09.2025","16,03","16,17","16,23","16,01","76,99K","-0,74%"
"02.09.2025","16,15","16,51","16,52","16,12","81,90K","-1,34%"
"29.08.2025","16,37","16,49","16,52","16,33","62,70K","-0,67%"
"28.08.2025","16,48","16,45","16,53","16,31","56,71K","0,06%"
"27.08.2025","16,47","16,45","16,53","16,35","39,92K","0,37%"
"26.08.2025","16,41","16,36","16,51","16,31","38,68K","0,06%"
"25.08.2025","16,40","16,44","16,57","16,30","26,65K","-0,49%"
"22.08.2025","16,48","16,34","16,51","16,27","36,47K","0,80%"
"21.08.2025","16,35","16,59","16,62","16,35","35,65K","-1,33%"
"20.08.2025","16,57","16,28","16,69","16,28","60,08K","1,59%"
"19.08.2025","16,31","16,25","16,45","16,23","35,30K","0,37%"
"18.08.2025","16,25","16,47","16,49","16,20","46,33K","-1,16%"
"15.08.2025","16,44","16,59","16,63","16,35","42,91K","-0,84%"
"14.08.2025","16,58","16,84","16,85","16,51","61,18K","-1,60%"
"13.08.2025","16,85","16,94","17,02","16,78","72,90K","-0,53%"
"12.08.2025","16,94","16,55","17,05","16,53","94,60K","2,73%"
"11.08.2025","16,49","16,34","16,58","16,32","55,40K","1,48%"
"08.08.2025","16,25","16,02","16,35","16,02","44,31K","1,50%"
"07.08.2025","16,01","16,14","16,27","15,97","43,44K","0,00%"
"06.08.2025","16,01","16,13","16,16","16,00","44,40K","-0,50%"
"05.08.2025","16,09","16,26","16,27","15,92","62,00K","-0,98%"
"04.08.2025","16,25","16,17","16,47","16,17","46,71K","0,43%"
"01.08.2025","16,18","16,35","16,42","16,12","44,09K","-1,04%"
"31.07.2025","16,35","16,49","16,61","16,28","43,66K","-0,61%"
"30.07.2025","16,45","16,56","16,58","16,37","31,26K","-0,84%"
"29.07.2025","16,59","16,45","16,74","16,37","42,99K","0,97%"
"28.07.2025","16,43","16,28","16,53","16,22","30,19K","0,86%"
"25.07.2025","16,29","16,60","16,64","16,23","37,30K","-1,69%"
"24.07.2025","16,57","16,30","16,63","16,25","50,55K","2,03%"
"23.07.2025","16,24","16,28","16,33","16,03","43,84K","-0,25%"
"22.07.2025","16,28","16,38","16,51","16,10","47,48K","-0,55%"
"21.07.2025","16,37","16,82","16,86","16,35","47,87K","-2,68%"
"18.07.2025","16,82","16,77","17,02","16,71","51,79K","0,48%"
"17.07.2025","16,74","16,55","16,88","16,54","47,73K","1,09%"
"16.07.2025","16,56","16,56","16,67","16,40","35,03K","0,00%"
"15.07.2025","16,56","16,28","16,61","16,25","40,60K","1,60%"
"14.07.2025","16,30","16,59","16,67","16,27","45,19K","-1,63%"
"11.07.2025","16,57","16,32","16,60","16,20","42,10K","1,91%"
"10.07.2025","16,26","16,41","16,56","16,22","48,36K","-1,81%"
"09.07.2025","16,56","16,15","16,61","16,08","57,20K","2,67%"
"08.07.2025","16,13","16,26","16,37","16,10","47,49K","-0,92%"
"07.07.2025","16,28","16,30","16,46","16,07","66,04K","-0,61%"
"03.07.2025","16,38","15,60","16,40","15,44","92,01K","5,13%"
"02.07.2025","15,58","15,80","15,97","15,44","76,82K","-0,76%"
"01.07.2025","15,70","16,21","16,21","15,55","96,32K","1,42%"
"30.06.2025","15,48","15,60","15,74","14,68","4,20K","-2,09%"
"27.06.2025","15,81","15,65","16,04","15,58","22,01K","1,02%"
"26.06.2025","15,65","15,93","15,98","15,55","44,11K","-2,07%"
"25.06.2025","15,98","15,77","16,00","15,70","60,20K","1,33%"
"24.06.2025","15,77","15,95","16,17","15,71","63,29K","-4,83%"
"23.06.2025","16,57","16,60","16,78","16,49","62,14K","2,92%"
"20.06.2025","16,10","16,10","16,29","15,99","37,73K","1,39%"
"18.06.2025","15,88","16,00","16,14","15,80","36,49K","-1,24%"
"17.06.2025","16,08","16,47","16,50","15,98","60,42K","-2,66%"
"16.06.2025","16,52","16,10","16,61","15,93","118,29K","2,42%"
"13.06.2025","16,13","16,43","16,50","16,07","78,63K","-0,86%"
"12.06.2025","16,27","16,45","16,47","16,18","83,02K","-0,91%"
"11.06.2025","16,42","16,40","16,60","16,34","92,50K","-0,36%"
"10.06.2025","16,48","16,67","16,82","16,42","99,97K","-1,14%"
"09.06.2025","16,67","16,49","16,75","16,42","102,09K","1,09%"
"06.06.2025","16,49","16,54","16,59","16,32","110,72K","-0,48%"
"05.06.2025","16,57","16,75","16,78","16,46","81,99K","-1,07%"
"04.06.2025","16,75","16,95","17,09","16,73","61,53K","-0,89%"
"03.06.2025","16,90","16,92","16,97","16,66","68,27K","0,12%"
"02.06.2025","16,88","17,11","17,38","16,85","64,46K","-1,00%"
"30.05.2025","17,05","17,03","17,24","17,00","56,63K","0,29%"
"29.05.2025","17,00","16,93","17,15","16,81","70,91K","0,59%"
"28.05.2025","16,90","17,30","17,30","16,85","61,22K","-1,86%"
"27.05.2025","17,22","17,44","17,52","17,07","55,57K","-0,40%"
"23.05.2025","17,29","17,30","17,38","17,21","40,25K","-0,63%"
"22.05.2025","17,40","17,64","17,70","17,32","46,69K","-1,69%"
"21.05.2025","17,70","17,38","17,78","17,36","42,06K","2,08%"
"20.05.2025","17,34","17,47","17,55","17,26","40,06K","-0,63%"
"19.05.2025","17,45","17,56","17,69","17,41","38,78K","-0,40%"
"16.05.2025","17,52","17,67","17,79","17,42","39,59K","-0,85%"
"15.05.2025","17,67","18,02","18,03","17,57","56,73K","-2,16%"
"14.05.2025","18,06","18,22","18,29","17,94","48,77K","-0,88%"
"13.05.2025","18,22","17,75","18,29","17,61","81,45K","2,94%"
"12.05.2025","17,70","17,91","18,09","17,62","46,64K","-0,45%"
"09.05.2025","17,78","17,50","17,90","17,44","55,59K","1,60%"
"08.05.2025","17,50","17,19","17,55","17,05","47,95K","2,16%"
"07.05.2025","17,13","17,39","17,39","17,06","46,06K","-1,78%"
"06.05.2025","17,44","17,47","17,65","17,39","37,57K","-0,17%"
"05.05.2025","17,47","17,32","17,54","17,20","39,44K","1,57%"
"02.05.2025","17,20","17,23","17,29","16,97","49,53K","0,23%"
"01.05.2025","17,16","17,30","17,37","17,08","60,06K","-1,72%"
"30.04.2025","17,46","17,62","17,93","17,38","6,42K","-0,91%"
"29.04.2025","17,62","17,84","17,93","17,44","22,03K","-1,23%"
"28.04.2025","17,84","18,18","18,19","17,65","49,51K","-1,87%"
"25.04.2025","18,18","17,92","18,20","17,89","38,79K","1,45%"
"24.04.2025","17,92","17,98","18,00","17,78","27,37K","0,22%"
"23.04.2025","17,88","17,96","18,07","17,73","51,70K","-0,45%"
"22.04.2025","17,96","17,71","18,03","17,59","55,25K","1,24%"
"21.04.2025","17,74","17,80","18,05","17,67","33,70K","-1,06%"
"17.04.2025","17,93","17,90","17,99","17,82","22,74K","0,39%"
"16.04.2025","17,86","17,57","17,89","17,51","50,32K","1,94%"
"15.04.2025","17,52","17,86","17,95","17,51","68,10K","-1,96%"
"14.04.2025","17,87","17,98","18,12","17,81","52,94K","-0,72%"
"11.04.2025","18,00","18,10","18,31","17,91","78,00K","-0,66%"
"10.04.2025","18,12","18,40","18,50","18,06","109,97K","1,17%"
"09.04.2025","17,91","18,26","18,35","17,87","119,69K","-2,18%"
"08.04.2025","18,31","18,74","18,87","18,26","102,51K","-1,98%"
"07.04.2025","18,68","18,75","19,05","18,62","88,87K","-0,85%"
"04.04.2025","18,84","19,07","19,11","18,76","88,37K","-1,41%"
"03.04.2025","19,11","19,34","19,54","18,95","61,74K","-2,45%"
"02.04.2025","19,59","19,36","19,63","19,08","55,65K","1,24%"
"01.04.2025","19,35","18,89","19,40","18,85","50,79K","2,60%"
"31.03.2025","18,86","19,00","19,32","18,72","71,62K","-0,53%"
"28.03.2025","18,96","19,09","19,21","18,91","48,35K","-0,68%"
"27.03.2025","19,09","19,30","19,36","18,94","53,48K","-1,34%"
"26.03.2025","19,35","19,55","19,63","19,22","43,92K","-0,82%"
"25.03.2025","19,51","19,31","19,60","19,20","43,91K","1,30%"
"24.03.2025","19,26","19,72","19,72","19,23","57,65K","-2,33%"
"21.03.2025","19,72","19,95","20,07","19,66","39,11K","-1,40%"
"20.03.2025","20,00","19,65","20,06","19,56","40,38K","1,57%"
"19.03.2025","19,69","19,86","20,05","19,54","48,89K","-1,50%"
"18.03.2025","19,99","19,90","20,09","19,63","72,01K","0,10%"
"17.03.2025","19,97","19,25","20,00","19,22","89,33K","4,06%"
"14.03.2025","19,19","19,17","19,32","18,75","43,75K","-0,31%"
"13.03.2025","19,25","18,84","19,27","18,76","47,01K","2,07%"
"12.03.2025","18,86","18,82","19,12","18,69","42,71K","1,02%"
"11.03.2025","18,67","18,94","19,04","18,57","51,89K","-0,95%"
"10.03.2025","18,85","18,47","19,00","18,34","71,88K","2,95%"
"07.03.2025","18,31","18,28","18,45","18,22","42,49K","0,99%"
"06.03.2025","18,13","18,20","18,30","17,84","69,02K","-0,38%"
"05.03.2025","18,20","18,21","18,51","18,13","50,97K","0,55%"
"04.03.2025","18,10","18,20","18,28","17,94","60,16K","-0,66%"
"03.03.2025","18,22","18,52","18,56","18,14","67,34K","-6,61%"
"28.02.2025","19,51","19,85","19,85","19,23","2,23K","-0,91%"
"27.02.2025","19,69","20,75","20,85","19,61","16,82K","-4,60%"
"26.02.2025","20,64","21,41","21,43","20,54","36,89K","-3,82%"
"25.02.2025","21,46","21,06","21,57","20,96","28,78K","9,66%"
"24.02.2025","19,57","19,87","19,97","19,52","84,05K","-1,76%"
"21.02.2025","19,92","19,75","19,96","19,60","65,43K","0,86%"
"20.02.2025","19,75","19,31","19,78","19,30","75,07K","1,86%"
"19.02.2025","19,39","19,06","19,46","19,01","65,41K","1,20%"
"18.02.2025","19,16","19,30","19,32","19,12","77,52K","-6,17%"
"14.02.2025","20,42","20,15","20,45","20,05","51,96K","1,24%"
"13.02.2025","20,17","19,82","20,24","19,78","88,31K","2,07%"
"12.02.2025","19,76","19,89","20,08","19,69","80,05K","-0,55%"
"11.02.2025","19,87","19,54","19,94","19,52","92,04K","1,90%"
"10.02.2025","19,50","19,37","19,79","19,30","91,61K","0,72%"
"07.02.2025","19,36","19,57","19,77","19,30","74,13K","-1,07%"
"06.02.2025","19,57","19,70","20,19","19,51","97,16K","-0,96%"
"05.02.2025","19,76","19,70","19,78","19,55","54,64K","0,51%"
"04.02.2025","19,66","19,18","19,71","19,18","61,36K","2,08%"
"03.02.2025","19,26","19,40","19,53","18,97","53,23K","-0,47%"
"31.01.2025","19,35","19,47","19,49","19,10","45,09K","-0,62%"
"30.01.2025","19,47","19,47","19,56","19,20","48,25K","0,10%"
"29.01.2025","19,45","19,27","19,50","19,21","49,04K","1,14%"
"28.01.2025","19,23","19,10","19,40","18,91","47,70K","0,31%"
"27.01.2025","19,17","19,00","19,58","18,88","73,54K","0,79%"
"24.01.2025","19,02","18,64","19,15","18,63","82,04K","1,77%"
"23.01.2025","18,69","18,18","18,76","18,13","82,73K","2,92%"
"22.01.2025","18,16","17,79","18,28","17,74","74,87K","2,08%"
"21.01.2025","17,79","18,07","18,25","17,57","99,53K","-2,36%"
"17.01.2025","18,22","18,42","18,46","18,02","51,54K","-1,03%"
"16.01.2025","18,41","18,15","18,71","18,11","75,11K","2,22%"
"15.01.2025","18,01","18,27","18,44","17,92","70,23K","-1,69%"
"14.01.2025","18,32","18,88","18,92","18,24","87,79K","-3,07%"
"13.01.2025","18,90","19,22","19,22","18,70","61,83K","-1,66%"
"10.01.2025","19,22","19,15","19,48","18,96","54,76K","0,63%"
"09.01.2025","19,10","19,25","19,27","18,84","68,87K","-0,73%"
"08.01.2025","19,24","19,51","19,54","19,17","47,26K","-1,08%"
"07.01.2025","19,45","19,34","19,68","19,30","52,64K","0,62%"
"06.01.2025","19,33","19,69","19,80","19,30","41,16K","-1,63%"
"03.01.2025","19,65","19,62","19,76","19,42","36,96K","-0,41%"
"02.01.2025","19,73","19,31","19,94","19,20","57,39K","2,44%"
"31.12.2024","19,26","19,11","19,35","19,04","36,35K","0,68%"
"30.12.2024","19,13","19,37","19,66","19,05","43,05K","-1,24%"
"27.12.2024","19,37","19,24","19,45","19,18","34,31K","0,57%"
"26.12.2024","19,26","19,51","19,54","19,17","26,01K","-1,43%"
"24.12.2024","19,54","19,60","19,82","19,50","22,29K","0,00%"
"23.12.2024","19,54","19,60","19,79","19,42","39,97K","0,15%"
"20.12.2024","19,51","19,48","19,60","19,30","44,75K","0,57%"
"19.12.2024","19,40","19,55","19,68","19,26","66,88K","-1,27%"
"18.12.2024","19,65","19,85","19,92","19,55","69,57K","-0,96%"
"17.12.2024","19,84","20,68","20,73","19,76","92,97K","-4,06%"
"16.12.2024","20,68","20,77","20,89","20,43","63,43K","-0,19%"
"13.12.2024","20,72","20,95","20,97","20,57","49,00K","-0,81%"
"12.12.2024","20,89","21,34","21,42","20,72","72,33K","-1,83%"
"11.12.2024","21,28","21,02","21,37","20,82","50,54K","1,14%"
"10.12.2024","21,04","21,50","21,52","20,82","76,70K","-2,14%"
"09.12.2024","21,50","21,81","21,90","21,35","48,99K","-1,42%"
"06.12.2024","21,81","21,30","21,86","21,12","67,44K","2,88%"
"05.12.2024","21,20","21,15","21,28","20,82","50,18K","-0,28%"
"04.12.2024","21,26","21,42","21,42","21,16","31,61K","-0,51%"
"03.12.2024","21,37","21,14","21,59","21,08","55,92K","1,42%"
"02.12.2024","21,07","21,09","21,26","20,70","71,36K","-0,05%"
"29.11.2024","21,08","21,65","21,69","21,01","56,38K","-2,81%"
"27.11.2024","21,69","21,68","22,00","21,54","48,12K","0,56%"
"26.11.2024","21,57","21,15","21,77","21,13","48,05K","1,99%"
"25.11.2024","21,15","21,40","21,43","21,11","45,40K","-0,98%"
"22.11.2024","21,36","21,41","21,61","21,26","30,44K","-0,09%"
"21.11.2024","21,38","21,70","21,77","21,26","35,75K","-1,25%"
"20.11.2024","21,65","21,97","22,08","21,49","30,72K","-1,68%"
"19.11.2024","22,02","22,25","22,42","21,78","45,97K","-0,81%"
"18.11.2024","22,20","21,59","22,32","21,59","59,76K","2,87%"
"15.11.2024","21,58","21,56","21,92","21,42","45,31K","0,09%"
"14.11.2024","21,56","21,17","21,82","20,86","58,92K","1,84%"
"13.11.2024","21,17","21,35","21,55","20,86","61,53K","-0,84%"
"12.11.2024","21,35","21,36","21,63","21,20","56,61K","-0,05%"
"11.11.2024","21,36","21,87","21,96","21,12","88,95K","-2,11%"
"08.11.2024","21,82","22,20","22,33","21,75","54,56K","-1,71%"
"07.11.2024","22,20","22,11","22,49","22,06","51,28K","0,77%"
"06.11.2024","22,03","21,75","22,10","21,60","50,96K","0,59%"
"05.11.2024","21,90","21,93","22,01","21,66","38,36K","-0,14%"
"04.11.2024","21,93","22,12","22,23","21,58","56,68K","-0,63%"
"01.11.2024","22,07","22,79","23,00","21,97","69,30K","-2,95%"
"31.10.2024","22,74","22,20","22,82","22,10","65,84K","2,34%"
"30.10.2024","22,22","22,16","22,43","21,86","48,14K","0,63%"
"29.10.2024","22,08","22,01","22,23","21,89","31,46K","0,55%"
"28.10.2024","21,96","22,08","22,16","21,67","38,72K","-0,81%"
"25.10.2024","22,14","22,25","22,32","21,92","39,76K","-0,27%"
"24.10.2024","22,20","22,44","22,58","22,12","40,91K","-0,63%"
"23.10.2024","22,34","22,00","22,43","21,85","57,45K","2,81%"
"22.10.2024","21,73","21,83","22,04","21,55","53,13K","-0,46%"
"21.10.2024","21,83","22,22","22,35","21,63","45,32K","-1,58%"
"18.10.2024","22,18","22,18","22,64","22,10","36,99K","0,09%"
"17.10.2024","22,16","22,07","22,32","21,71","50,99K","0,73%"
"16.10.2024","22,00","22,75","22,95","21,97","57,31K","-3,59%"
"15.10.2024","22,82","22,28","22,87","22,18","51,69K","1,92%"
"14.10.2024","22,39","22,23","22,58","22,03","36,94K","0,67%"
"11.10.2024","22,24","22,15","22,68","21,91","54,71K","0,36%"
"10.10.2024","22,16","22,08","22,35","21,86","39,83K","0,54%"
"09.10.2024","22,04","22,51","22,54","21,77","56,93K","-2,00%"
"08.10.2024","22,49","22,46","22,69","22,20","40,76K","-0,27%"
"07.10.2024","22,55","23,00","23,14","22,32","54,04K","-2,00%"
"04.10.2024","23,01","23,30","23,45","22,73","44,71K","-0,99%"
"03.10.2024","23,24","22,54","23,34","22,39","56,05K","2,47%"
"02.10.2024","22,68","23,00","23,17","22,46","48,87K","-1,26%"
"01.10.2024","22,97","22,50","23,07","22,24","55,55K","1,32%"
"30.09.2024","22,67","22,70","22,84","22,10","18,86K","-0,53%"
"27.09.2024","22,79","23,22","23,22","22,51","32,86K","-2,23%"
"26.09.2024","23,31","23,58","23,71","23,23","23,47K","-0,47%"
"25.09.2024","23,42","22,99","23,57","22,90","32,17K","1,30%"
"24.09.2024","23,12","22,50","23,30","22,38","38,33K","2,53%"
"23.09.2024","22,55","22,41","23,17","22,28","35,55K","-0,49%"
"20.09.2024","22,66","21,95","23,13","21,95","72,39K","3,33%"
"19.09.2024","21,93","21,00","22,08","20,97","60,88K","3,64%"
"18.09.2024","21,16","19,92","21,40","19,84","71,75K","5,91%"
"17.09.2024","19,98","19,18","20,15","19,06","88,67K","4,17%"
"16.09.2024","19,18","18,99","19,43","18,84","81,28K","0,89%"
"13.09.2024","19,01","19,05","19,42","18,92","95,00K","-0,31%"
"12.09.2024","19,07","18,70","19,24","18,69","110,33K","1,82%"
"11.09.2024","18,73","18,50","18,98","18,44","97,77K","1,41%"
"10.09.2024","18,47","18,83","18,87","18,43","99,29K","-1,91%"
"09.09.2024","18,83","18,92","19,04","18,60","101,74K","-0,42%"
"06.09.2024","18,91","19,29","19,61","18,84","63,02K","-1,61%"
"05.09.2024","19,22","19,25","19,57","19,15","48,51K","-0,10%"
"04.09.2024","19,24","19,40","19,54","19,07","58,56K","-1,28%"
"03.09.2024","19,49","19,12","19,77","19,02","70,97K","0,57%"
"30.08.2024","19,38","19,88","19,95","19,28","71,57K","-2,56%"
"29.08.2024","19,89","19,56","19,98","19,45","80,33K","1,79%"
"28.08.2024","19,54","19,61","19,66","19,12","87,73K","-0,31%"
"27.08.2024","19,60","19,18","19,68","18,52","97,20K","2,94%"
"26.08.2024","19,04","18,50","19,17","18,50","90,64K","3,53%"
"23.08.2024","18,39","17,91","18,43","17,89","56,10K","3,03%"
"22.08.2024","17,85","17,68","18,06","17,64","37,78K","1,13%"
"21.08.2024","17,65","17,60","17,74","17,52","38,19K","0,46%"
"20.08.2024","17,57","18,09","18,12","17,52","59,89K","-2,50%"
"19.08.2024","18,02","18,00","18,13","17,92","31,10K","-0,06%"
"16.08.2024","18,03","17,85","18,37","17,84","37,17K","0,84%"
"15.08.2024","17,88","17,98","18,09","17,81","36,46K","-0,50%"
"14.08.2024","17,97","18,36","18,44","17,91","42,17K","-2,28%"
"13.08.2024","18,39","18,35","18,70","18,30","36,50K","0,55%"
"12.08.2024","18,29","18,52","18,73","18,23","34,13K","-1,03%"
"09.08.2024","18,48","18,50","18,88","18,31","42,03K","-0,48%"
"08.08.2024","18,57","18,08","18,85","17,95","69,03K","2,37%"
"07.08.2024","18,14","17,87","18,26","17,80","37,38K","1,51%"
"06.08.2024","17,87","18,10","18,13","17,77","44,37K","-1,16%"
"05.08.2024","18,08","18,05","18,35","17,64","57,57K","-0,11%"
"02.08.2024","18,10","18,53","18,67","18,00","57,77K","-2,16%"
"01.08.2024","18,50","19,00","19,22","18,39","54,60K","-2,32%"
"31.07.2024","18,94","19,18","19,32","18,75","52,29K","-0,94%"
"30.07.2024","19,12","19,06","19,14","18,81","39,58K","0,58%"
"29.07.2024","19,01","18,50","19,05","18,47","55,99K","3,20%"
"26.07.2024","18,42","18,70","18,74","18,32","41,57K","-1,29%"
"25.07.2024","18,66","18,00","18,70","17,92","71,67K","4,19%"
"24.07.2024","17,91","18,20","18,31","17,86","74,07K","-1,38%"
"23.07.2024","18,16","18,30","18,41","18,08","55,65K","-0,77%"
"22.07.2024","18,30","18,66","18,74","18,25","59,03K","-1,93%"
"19.07.2024","18,66","19,00","19,00","18,55","59,28K","-1,48%"
"18.07.2024","18,94","19,36","19,38","18,81","62,01K","-2,17%"
"17.07.2024","19,36","19,60","19,60","19,15","44,80K","-1,33%"
"16.07.2024","19,62","19,82","19,88","19,54","35,35K","-0,71%"
"15.07.2024","19,76","19,15","19,82","19,09","55,84K","2,92%"
"12.07.2024","19,20","19,45","19,53","19,18","46,49K","-1,18%"
"11.07.2024","19,43","19,79","19,90","19,39","62,65K","-1,92%"
"10.07.2024","19,81","19,69","20,12","19,52","53,14K","0,97%"
"09.07.2024","19,62","20,31","20,31","19,61","53,84K","-2,53%"
"08.07.2024","20,13","20,13","20,37","19,83","54,20K","-0,05%"
"05.07.2024","20,14","20,53","20,67","20,08","58,23K","-1,90%"
"03.07.2024","20,53","20,61","20,73","20,45","55,07K","-0,39%"
"02.07.2024","20,61","20,14","20,78","19,93","74,28K","1,88%"
"01.07.2024","20,23","20,25","20,41","20,06","55,38K","-0,39%"
"28.06.2024","20,31","20,12","20,33","19,90","9,41K","0,94%"
"27.06.2024","20,12","19,29","20,16","19,23","19,39K","4,57%"
"26.06.2024","19,24","19,10","19,31","18,91","28,35K","0,73%"
"25.06.2024","19,10","19,47","19,47","18,84","54,32K","-1,60%"
"24.06.2024","19,41","18,92","19,44","18,82","76,21K","2,32%"
"21.06.2024","18,97","18,92","19,06","18,81","62,11K","0,42%"
"20.06.2024","18,89","19,10","19,43","18,82","71,04K","-0,16%"
"18.06.2024","18,92","18,93","19,19","18,81","52,59K","-0,32%"
"17.06.2024","18,98","19,32","19,32","18,81","87,48K","-2,32%"
"14.06.2024","19,43","19,49","19,60","19,27","61,21K","-0,82%"
"13.06.2024","19,59","19,05","19,64","19,05","106,31K","2,57%"
"12.06.2024","19,10","18,75","19,19","18,73","85,54K","1,65%"
"11.06.2024","18,79","18,70","18,95","18,59","69,51K","0,86%"
"10.06.2024","18,63","18,95","19,30","18,60","103,86K","-1,95%"
"07.06.2024","19,00","19,20","19,37","18,76","124,34K","-1,14%"
"06.06.2024","19,22","19,15","19,33","19,08","92,96K","0,47%"
"05.06.2024","19,13","18,87","19,17","18,73","114,11K","1,43%"
"04.06.2024","18,86","18,77","18,90","18,62","71,40K","0,43%"
"03.06.2024","18,78","18,30","18,85","18,21","62,89K","2,62%"
"31.05.2024","18,30","18,18","18,46","18,03","53,22K","0,60%"
"30.05.2024","18,19","18,32","18,37","18,15","48,84K","-0,87%"
"29.05.2024","18,35","18,70","18,73","18,22","55,11K","-2,03%"
"28.05.2024","18,73","18,67","18,80","18,53","62,00K","1,74%"
"24.05.2024","18,41","18,26","18,48","18,03","44,56K","0,82%"
"23.05.2024","18,26","18,23","18,57","18,23","49,69K","0,16%"
"22.05.2024","18,23","18,56","18,60","18,20","33,47K","-1,78%"
"21.05.2024","18,56","18,67","18,76","18,41","41,26K","-0,64%"
"20.05.2024","18,68","18,08","18,79","18,05","53,72K","3,03%"
"17.05.2024","18,13","18,35","18,45","18,06","34,75K","-1,09%"
"16.05.2024","18,33","18,65","18,65","17,95","67,33K","-1,72%"
"15.05.2024","18,65","18,90","18,96","18,50","51,12K","-1,17%"
"14.05.2024","18,87","18,60","18,95","18,31","60,78K","1,29%"
"13.05.2024","18,63","19,24","19,34","18,58","78,42K","-3,47%"
"10.05.2024","19,30","19,58","19,61","19,25","34,80K","-1,43%"
"09.05.2024","19,58","19,60","19,87","19,40","43,50K","-0,10%"
"08.05.2024","19,60","19,95","19,95","19,51","54,28K","-1,75%"
"07.05.2024","19,95","19,50","20,00","19,38","73,88K","2,41%"
"06.05.2024","19,48","19,30","19,52","19,15","32,34K","1,04%"
"03.05.2024","19,28","19,30","19,52","19,18","42,47K","0,16%"
"02.05.2024","19,25","19,35","19,49","19,10","45,44K","0,16%"
"01.05.2024","19,22","19,48","19,48","19,09","41,62K","-2,49%"
"30.04.2024","19,71","20,21","20,23","19,58","6,47K","-2,43%"
"29.04.2024","20,20","19,37","20,23","19,37","17,32K","4,12%"
"26.04.2024","19,40","19,44","20,00","19,35","51,40K","-0,41%"
"25.04.2024","19,48","19,90","19,92","19,25","42,50K","-2,60%"
"24.04.2024","20,00","19,91","20,04","19,77","35,12K","0,45%"
"23.04.2024","19,91","19,80","19,99","19,73","39,68K","0,56%"
"22.04.2024","19,80","19,88","20,15","19,71","30,47K","0,35%"
"19.04.2024","19,73","19,80","19,84","19,45","31,65K","0,71%"
"18.04.2024","19,59","19,50","19,77","19,25","25,42K","1,40%"
"17.04.2024","19,32","19,57","19,63","19,17","38,98K","-1,58%"
"16.04.2024","19,63","20,05","20,05","19,28","69,52K","-1,95%"
"15.04.2024","20,02","20,51","20,60","20,00","80,81K","-2,10%"
"12.04.2024","20,45","20,85","20,97","20,41","75,22K","-1,92%"
"11.04.2024","20,85","21,45","21,56","20,81","87,77K","-2,84%"
"10.04.2024","21,46","21,69","21,83","21,40","55,28K","-0,14%"
"09.04.2024","21,49","21,54","21,71","21,38","75,99K","-0,46%"
"08.04.2024","21,59","21,93","22,23","21,55","78,74K","-1,82%"
"05.04.2024","21,99","22,37","22,48","21,80","66,09K","-1,65%"
"04.04.2024","22,36","22,29","22,47","22,12","47,42K","0,63%"
"03.04.2024","22,22","22,32","22,63","22,04","58,65K","-0,45%"
"02.04.2024","22,32","22,65","22,91","22,27","62,39K","-1,76%"
"01.04.2024","22,72","22,65","22,91","22,53","62,95K","0,89%"
"28.03.2024","22,52","22,19","22,59","22,06","55,32K","1,49%"
"27.03.2024","22,19","22,34","22,39","21,76","48,56K","-0,89%"
"26.03.2024","22,39","21,94","22,48","21,93","72,31K","2,00%"
"25.03.2024","21,95","21,78","22,13","21,72","35,38K","0,46%"
"22.03.2024","21,85","21,97","22,23","21,75","37,11K","-0,95%"
"21.03.2024","22,06","21,89","22,18","21,82","43,31K","1,33%"
"20.03.2024","21,77","21,58","21,80","21,13","47,68K","0,60%"
"19.03.2024","21,64","22,15","22,22","21,48","49,47K","-2,35%"
"18.03.2024","22,16","22,20","22,35","21,94","43,16K","0,18%"
"15.03.2024","22,12","21,75","22,15","21,72","40,40K","1,61%"
"14.03.2024","21,77","22,00","22,23","21,66","53,21K","-0,73%"
"13.03.2024","21,93","22,00","22,18","21,36","56,04K","0,18%"
"12.03.2024","21,89","21,90","22,10","21,77","51,48K","-0,27%"
"11.03.2024","21,95","21,18","21,99","21,13","55,28K","3,78%"
"08.03.2024","21,15","21,29","21,40","21,01","36,02K","-0,61%"
"07.03.2024","21,28","21,47","21,48","20,86","46,36K","-0,79%"
"06.03.2024","21,45","20,87","21,68","20,72","58,05K","2,78%"
"05.03.2024","20,87","20,69","21,16","20,53","57,58K","1,31%"
"04.03.2024","20,60","21,13","21,43","20,55","59,50K","-2,32%"
"01.03.2024","21,09","21,83","21,88","20,96","80,09K","-6,60%"
"29.02.2024","22,58","23,85","23,99","22,50","5,30K","-5,96%"
"28.02.2024","24,01","23,80","24,16","23,67","17,20K","0,71%"
"27.02.2024","23,84","23,24","24,07","23,12","38,66K","2,98%"
"26.02.2024","23,15","22,67","23,45","22,45","38,07K","2,34%"
"23.02.2024","22,62","22,70","23,08","22,56","25,66K","-0,92%"
"22.02.2024","22,83","22,77","22,95","22,11","41,18K","0,26%"
"21.02.2024","22,77","22,78","22,93","22,47","26,87K","0,09%"
"20.02.2024","22,75","23,00","23,00","22,49","46,77K","-1,43%"
"16.02.2024","23,08","22,85","23,39","22,71","51,98K","1,14%"
"15.02.2024","22,82","23,37","23,38","22,75","106,66K","-2,35%"
"14.02.2024","23,37","23,30","23,57","22,79","56,99K","0,30%"
"13.02.2024","23,30","23,62","23,64","23,23","52,16K","-1,10%"
"12.02.2024","23,56","23,95","23,99","23,52","61,80K","-1,92%"
"09.02.2024","24,02","24,00","24,42","23,86","78,50K","0,17%"
"08.02.2024","23,98","23,87","24,05","23,55","76,78K","0,42%"
"07.02.2024","23,88","23,70","24,41","23,64","99,81K","1,36%"
"06.02.2024","23,56","23,52","23,92","23,02","89,58K","0,13%"
"05.02.2024","23,53","23,94","23,99","23,43","52,43K","-1,51%"
"02.02.2024","23,89","23,44","24,02","23,31","60,49K","1,40%"
"01.02.2024","23,56","24,13","24,24","23,45","46,64K","-2,36%"
"31.01.2024","24,13","23,93","24,18","23,77","52,65K","0,92%"
"30.01.2024","23,91","23,42","24,02","23,29","44,69K","1,61%"
"29.01.2024","23,53","23,77","24,30","23,42","50,70K","-1,01%"
"26.01.2024","23,77","24,00","24,33","23,64","51,84K","-1,12%"
"25.01.2024","24,04","24,48","24,62","23,92","64,76K","-1,72%"
"24.01.2024","24,46","23,70","24,54","23,45","78,95K","2,99%"
"23.01.2024","23,75","23,48","23,88","23,25","50,03K","1,06%"
"22.01.2024","23,50","23,56","23,74","23,42","44,23K","-0,30%"
"19.01.2024","23,57","23,10","23,75","23,04","73,23K","2,30%"
"18.01.2024","23,04","22,35","23,20","22,29","46,45K","3,09%"
"17.01.2024","22,35","22,55","22,69","22,21","57,99K","-0,75%"
"16.01.2024","22,52","21,85","22,64","21,85","80,69K","4,21%"
"12.01.2024","21,61","21,89","21,95","21,56","40,90K","-0,69%"
"11.01.2024","21,76","21,41","21,91","21,32","45,45K","1,63%"
"10.01.2024","21,41","21,58","21,94","21,36","49,35K","-1,34%"
"09.01.2024","21,70","21,80","21,96","21,54","49,41K","-0,18%"
"08.01.2024","21,74","21,11","21,79","21,11","49,43K","2,98%"
"05.01.2024","21,11","21,13","21,21","20,60","46,52K","0,14%"
"04.01.2024","21,08","20,98","21,25","20,86","37,42K","1,10%"
"03.01.2024","20,85","20,90","21,40","20,71","49,17K","-0,24%"
"02.01.2024","20,90","20,60","21,38","20,60","57,60K","1,55%"
"29.12.2023","20,58","21,76","21,88","20,33","75,27K","-5,42%"
"28.12.2023","21,76","20,51","21,91","20,46","57,14K","5,63%"
"27.12.2023","20,60","20,57","20,93","20,15","40,46K","0,34%"
"26.12.2023","20,53","20,60","20,77","20,03","25,15K","-0,44%"
"22.12.2023","20,62","20,38","21,08","20,23","49,11K","1,88%"
"21.12.2023","20,24","20,80","20,83","20,12","76,31K","-3,25%"
"20.12.2023","20,92","21,39","21,67","20,81","63,06K","-2,38%"
"19.12.2023","21,43","21,40","21,62","20,85","69,50K","0,56%"
"18.12.2023","21,31","21,98","21,99","21,25","60,93K","-3,09%"
"15.12.2023","21,99","22,30","22,59","21,75","64,32K","-0,86%"
"14.12.2023","22,18","21,97","22,31","21,16","91,83K","0,96%"
"13.12.2023","21,97","22,56","23,12","21,82","80,63K","-2,74%"
"12.12.2023","22,59","22,47","22,66","21,48","113,86K","0,53%"
"11.12.2023","22,47","23,44","23,49","22,17","92,34K","-3,81%"
"08.12.2023","23,36","23,10","23,60","23,10","88,28K","1,43%"
"07.12.2023","23,03","23,39","23,93","22,80","132,48K","0,13%"
"06.12.2023","23,00","24,92","24,92","22,94","177,20K","-7,85%"
"05.12.2023","24,96","25,90","25,90","24,81","107,29K","-3,29%"
"04.12.2023","25,81","25,06","25,98","24,58","122,66K","2,87%"
"01.12.2023","25,09","26,15","26,17","24,95","170,63K","-3,65%"
"30.11.2023","26,04","26,83","26,85","25,90","134,69K","-3,05%"
"29.11.2023","26,86","27,04","27,12","26,80","43,73K","-0,48%"
"28.11.2023","26,99","27,17","27,25","26,80","62,40K","-0,77%"
"27.11.2023","27,20","26,98","27,30","26,80","56,59K","0,82%"
"24.11.2023","26,98","27,28","27,38","26,81","74,88K","-0,88%"
"22.11.2023","27,22","27,77","27,77","27,16","52,66K","-1,91%"
"21.11.2023","27,75","27,64","27,78","27,48","41,57K","0,69%"
"20.11.2023","27,56","27,23","27,60","27,07","46,56K","1,40%"
"17.11.2023","27,18","27,15","27,32","27,00","43,65K","-0,04%"
"16.11.2023","27,19","27,10","27,42","27,01","44,64K","0,15%"
"15.11.2023","27,15","27,20","27,37","27,02","56,04K","-0,11%"
"14.11.2023","27,18","27,71","27,81","27,13","51,00K","-1,91%"
"13.11.2023","27,71","27,30","27,75","27,16","42,98K","1,54%"
"10.11.2023","27,29","27,75","27,87","27,20","53,88K","-1,76%"
"09.11.2023","27,78","27,25","27,92","27,20","47,43K","2,09%"
"08.11.2023","27,21","27,57","27,58","27,18","51,59K","-1,38%"
"07.11.2023","27,59","27,92","28,14","27,52","51,53K","-1,29%"
"06.11.2023","27,95","27,65","28,08","27,59","62,35K","0,65%"
"03.11.2023","27,77","27,56","27,83","27,33","41,66K","1,06%"
"02.11.2023","27,48","27,56","27,72","27,10","47,92K","-0,11%"
"01.11.2023","27,51","27,16","27,69","27,13","68,46K","1,55%"
"31.10.2023","27,09","26,83","27,15","26,69","46,93K","1,27%"
"30.10.2023","26,75","27,50","27,53","26,65","58,59K","-2,16%"
"27.10.2023","27,34","27,04","27,50","27,00","38,34K","1,11%"
"26.10.2023","27,04","27,67","27,79","27,00","48,25K","-2,14%"
"25.10.2023","27,63","27,60","28,00","27,28","59,26K","0,36%"
"24.10.2023","27,53","27,55","27,75","27,32","46,23K","0,18%"
"23.10.2023","27,48","26,85","27,58","26,49","63,72K","2,35%"
"20.10.2023","26,85","27,24","27,25","26,80","39,02K","-1,61%"
"19.10.2023","27,29","27,36","27,41","26,85","49,70K","-0,69%"
"18.10.2023","27,48","27,56","27,67","27,17","50,47K","-0,04%"
"17.10.2023","27,49","26,99","27,57","26,96","59,31K","1,63%"
"16.10.2023","27,05","27,09","27,10","26,80","37,08K","0,07%"
"13.10.2023","27,03","26,44","27,18","26,35","50,94K","2,58%"
"12.10.2023","26,35","26,40","26,75","26,25","52,58K","-0,19%"
"11.10.2023","26,40","27,05","27,18","26,30","53,30K","-2,40%"
"10.10.2023","27,05","27,17","27,24","26,78","52,75K","-0,48%"
"09.10.2023","27,18","26,86","27,28","26,68","56,09K","1,65%"
"06.10.2023","26,74","26,30","26,83","26,13","54,08K","2,22%"
"05.10.2023","26,16","25,93","26,41","25,77","45,11K","0,89%"
"04.10.2023","25,93","25,67","26,27","25,28","82,69K","1,01%"
"03.10.2023","25,67","26,33","26,44","25,59","78,87K","-2,58%"
"02.10.2023","26,35","26,54","26,79","26,25","50,26K","0,30%"
"29.09.2023","26,27","26,77","26,80","26,20","3,00K","-1,72%"
"28.09.2023","26,73","26,24","26,85","25,95","19,29K","2,30%"
"27.09.2023","26,13","26,14","26,41","25,96","41,17K","0,42%"
"26.09.2023","26,02","26,25","26,50","25,97","42,57K","-1,10%"
"25.09.2023","26,31","27,00","27,02","26,23","47,19K","-2,45%"
"22.09.2023","26,97","26,90","27,27","26,71","46,17K","0,15%"
"21.09.2023","26,93","26,78","26,99","26,56","49,01K","0,52%"
"20.09.2023","26,79","27,28","27,32","26,66","45,12K","-2,37%"
"19.09.2023","27,44","27,10","27,62","27,02","36,01K","1,22%"
"18.09.2023","27,11","26,83","27,26","26,45","76,04K","0,74%"
"15.09.2023","26,91","26,93","27,59","26,76","115,60K","-0,26%"
"14.09.2023","26,98","26,70","27,14","26,61","77,13K","1,66%"
"13.09.2023","26,54","26,75","26,90","26,44","77,02K","-1,08%"
"12.09.2023","26,83","26,36","27,26","26,09","117,35K","1,63%"
"11.09.2023","26,40","26,34","26,49","25,96","105,05K","0,34%"
"08.09.2023","26,31","26,87","27,10","26,11","97,52K","-1,39%"
"07.09.2023","26,68","26,21","26,89","25,94","70,27K","1,75%"
"06.09.2023","26,22","26,56","26,90","25,99","72,50K","-1,61%"
"05.09.2023","26,65","25,82","26,94","25,66","108,19K","3,25%"
"01.09.2023","25,81","25,11","25,87","25,05","80,46K","2,99%"
"31.08.2023","25,06","25,31","25,63","25,02","62,12K","-1,10%"
"30.08.2023","25,34","25,39","25,90","25,23","75,24K","-0,43%"
"29.08.2023","25,45","25,53","25,68","25,22","68,78K","-0,47%"
"28.08.2023","25,57","24,90","25,64","24,78","75,56K","2,98%"
"25.08.2023","24,83","24,29","24,89","24,10","68,31K","2,22%"
"24.08.2023","24,29","23,99","24,37","23,64","74,32K","1,84%"
"23.08.2023","23,85","23,34","24,23","23,08","111,44K","1,92%"
"22.08.2023","23,40","23,48","23,71","23,31","54,25K","0,00%"
"21.08.2023","23,40","23,80","24,16","23,38","64,62K","-1,52%"
"18.08.2023","23,76","24,00","24,03","23,67","57,34K","-1,00%"
"17.08.2023","24,00","24,25","24,74","23,94","81,31K","-0,79%"
"16.08.2023","24,19","23,77","24,30","23,63","48,30K","1,77%"
"15.08.2023","23,77","24,03","24,28","23,70","49,61K","-1,16%"
"14.08.2023","24,05","24,30","24,41","23,93","36,15K","-1,15%"
"11.08.2023","24,33","23,99","24,42","23,72","44,29K","1,59%"
"10.08.2023","23,95","23,85","24,20","23,66","51,28K","1,01%"
"09.08.2023","23,71","23,65","23,80","23,47","37,32K","1,11%"
"08.08.2023","23,45","23,70","23,71","23,29","50,47K","-1,22%"
"07.08.2023","23,74","23,69","24,03","23,40","41,51K","0,21%"
"04.08.2023","23,69","24,07","24,11","23,57","34,42K","-1,37%"
"03.08.2023","24,02","24,21","24,42","23,71","50,79K","-0,74%"
"02.08.2023","24,20","24,39","24,61","24,09","36,85K","-0,78%"
"01.08.2023","24,39","24,11","24,57","23,99","49,56K","1,16%"
"31.07.2023","24,11","23,95","24,19","23,84","45,36K","0,79%"
"28.07.2023","23,92","24,40","24,43","23,87","43,77K","-2,09%"
"27.07.2023","24,43","24,42","24,58","24,02","43,47K","0,16%"
"26.07.2023","24,39","24,65","24,81","24,15","52,60K","-1,22%"
"25.07.2023","24,69","24,88","24,88","24,54","46,62K","-0,92%"
"24.07.2023","24,92","25,00","25,30","24,84","58,54K","-0,36%"
"21.07.2023","25,01","24,55","25,10","24,34","54,88K","1,38%"
"20.07.2023","24,67","24,30","24,70","24,16","53,03K","1,90%"
"19.07.2023","24,21","23,86","24,37","23,70","49,31K","1,47%"
"18.07.2023","23,86","23,71","24,06","23,59","37,33K","0,25%"
"17.07.2023","23,80","24,36","24,39","23,64","49,93K","-2,14%"
"14.07.2023","24,32","24,08","24,40","24,01","44,33K","1,29%"
"13.07.2023","24,01","23,91","24,25","23,76","46,16K","0,42%"
"12.07.2023","23,91","23,53","24,00","23,31","53,44K","1,61%"
"11.07.2023","23,53","23,47","23,71","23,16","46,70K","0,38%"
"10.07.2023","23,44","23,48","23,50","23,20","41,26K","-0,38%"
"07.07.2023","23,53","23,15","23,83","23,11","43,78K","1,20%"
"06.07.2023","23,25","23,50","23,58","23,20","49,49K","-1,19%"
"05.07.2023","23,53","23,40","23,72","23,06","62,18K","0,90%"
"03.07.2023","23,32","22,87","23,61","22,78","65,33K","1,88%"
"30.06.2023","22,89","22,30","22,96","22,28","2,25K","3,72%"
"29.06.2023","22,07","22,63","22,63","21,81","22,91K","-2,22%"
"28.06.2023","22,57","23,28","23,29","22,46","9,61K","-2,00%"
"27.06.2023","23,03","23,72","23,83","22,86","27,06K","-2,91%"
"26.06.2023","23,72","24,53","24,74","23,67","36,97K","-1,90%"
"23.06.2023","24,18","24,96","24,98","24,13","37,06K","-3,01%"
"22.06.2023","24,93","25,89","25,89","24,90","50,44K","-3,67%"
"21.06.2023","25,88","26,25","26,38","25,83","68,26K","-1,30%"
"20.06.2023","26,22","26,25","26,48","25,93","66,29K","-0,79%"
"16.06.2023","26,43","26,07","26,49","25,96","61,93K","1,65%"
"15.06.2023","26,00","25,84","26,41","25,60","119,78K","0,62%"
"14.06.2023","25,84","25,19","25,88","25,12","73,95K","2,70%"
"13.06.2023","25,16","25,46","25,63","25,03","105,50K","-1,22%"
"12.06.2023","25,47","25,38","26,00","25,22","105,28K","0,35%"
"09.06.2023","25,38","25,70","26,15","25,35","105,14K","-0,39%"
"08.06.2023","25,48","24,49","25,68","24,42","118,75K","4,00%"
"07.06.2023","24,50","24,68","24,89","24,38","75,79K","-0,33%"
"06.06.2023","24,58","24,44","24,75","24,23","109,05K","0,74%"
"05.06.2023","24,40","24,85","25,08","24,33","107,12K","-1,33%"
"02.06.2023","24,73","24,88","24,88","24,57","74,98K","-0,60%"
"01.06.2023","24,88","25,10","25,40","24,74","68,55K","-0,72%"
"31.05.2023","25,06","25,30","25,44","25,02","64,67K","-1,07%"
"30.05.2023","25,33","25,38","25,83","25,19","105,58K","-0,16%"
"26.05.2023","25,37","24,95","25,64","24,71","83,14K","2,17%"
"25.05.2023","24,83","25,40","25,45","24,61","125,92K","-2,59%"
"24.05.2023","25,49","25,77","25,93","25,46","66,65K","-1,24%"
"23.05.2023","25,81","25,99","26,22","25,77","60,57K","-0,69%"
"22.05.2023","25,99","25,75","26,05","25,58","46,97K","0,81%"
"19.05.2023","25,78","25,65","26,09","25,59","42,14K","0,66%"
"18.05.2023","25,61","25,88","25,97","25,46","58,92K","-1,16%"
"17.05.2023","25,91","26,14","26,15","25,80","40,73K","-0,61%"
"16.05.2023","26,07","26,26","26,63","26,01","50,89K","-0,84%"
"15.05.2023","26,29","26,30","26,43","25,83","48,37K","0,27%"
"12.05.2023","26,22","26,07","26,39","26,00","49,26K","0,77%"
"11.05.2023","26,02","26,62","26,74","25,99","81,28K","-2,40%"
"10.05.2023","26,66","26,17","26,74","26,01","60,78K","1,79%"
"09.05.2023","26,19","26,06","26,43","25,93","57,87K","0,38%"
"08.05.2023","26,09","26,42","26,48","26,01","43,64K","-0,87%"
"05.05.2023","26,32","25,60","26,45","25,59","62,58K","3,13%"
"04.05.2023","25,52","25,17","25,66","24,95","46,69K","1,39%"
"03.05.2023","25,17","25,08","25,44","24,88","63,97K","0,12%"
"02.05.2023","25,14","25,50","26,06","25,07","78,68K","-1,57%"
"01.05.2023","25,54","26,39","26,48","25,43","59,47K","-5,37%"
"28.04.2023","26,99","27,00","27,05","26,50","2,01K","0,00%"
"27.04.2023","26,99","26,41","27,41","26,27","11,90K","1,81%"
"26.04.2023","26,51","26,70","27,07","26,37","24,96K","-0,53%"
"25.04.2023","26,65","25,90","26,87","25,59","31,92K","2,86%"
"24.04.2023","25,91","24,77","25,99","24,60","46,34K","4,35%"
"21.04.2023","24,83","25,62","25,62","24,67","39,74K","-1,66%"
"20.04.2023","25,25","24,26","25,37","24,19","37,22K","3,61%"
"19.04.2023","24,37","24,46","24,90","24,30","34,14K","-0,69%"
"18.04.2023","24,54","24,44","24,69","24,10","48,83K","0,41%"
"17.04.2023","24,44","24,25","24,50","24,12","58,06K","1,41%"
"14.04.2023","24,10","23,92","24,27","23,75","53,48K","0,25%"
"13.04.2023","24,04","24,00","24,70","23,90","71,32K","-0,04%"
"12.04.2023","24,05","24,65","24,85","23,92","115,22K","-1,31%"
"11.04.2023","24,37","23,73","24,45","23,62","169,54K","3,44%"
"10.04.2023","23,56","23,56","23,82","23,44","112,76K","-0,21%"
"06.04.2023","23,61","23,01","23,68","22,71","140,11K","2,88%"
"05.04.2023","22,95","22,48","23,01","22,41","112,57K","2,14%"
"04.04.2023","22,47","22,25","22,60","22,22","71,13K","0,31%"
"03.04.2023","22,40","22,35","22,63","22,19","87,50K","0,67%"
"31.03.2023","22,25","21,99","22,36","21,78","77,06K","1,32%"
"30.03.2023","21,96","21,30","22,00","21,30","116,90K","3,34%"
"29.03.2023","21,25","21,38","21,42","21,05","102,71K","-0,28%"
"28.03.2023","21,31","20,99","21,45","20,96","52,75K","1,82%"
"27.03.2023","20,93","20,91","21,15","20,74","46,28K","0,53%"
"24.03.2023","20,82","20,97","20,99","20,65","54,54K","-0,34%"
"23.03.2023","20,89","21,15","21,34","20,81","55,23K","-1,18%"
"22.03.2023","21,14","20,85","21,38","20,78","55,32K","1,63%"
"21.03.2023","20,80","20,60","20,92","20,49","36,60K","1,56%"
"20.03.2023","20,48","20,50","20,69","20,42","38,68K","-0,92%"
"17.03.2023","20,67","20,79","20,94","20,53","39,08K","-0,43%"
"16.03.2023","20,76","20,61","20,85","20,35","62,71K","1,27%"
"15.03.2023","20,50","20,64","20,70","20,39","65,63K","-0,87%"
"14.03.2023","20,68","20,86","21,02","20,65","58,31K","-0,58%"
"13.03.2023","20,80","21,23","21,27","20,70","87,00K","-1,70%"
"10.03.2023","21,16","21,04","21,22","20,66","68,29K","0,05%"
"09.03.2023","21,15","20,82","21,33","20,71","65,37K","1,29%"
"08.03.2023","20,88","21,00","21,03","20,77","49,06K","-0,67%"
"07.03.2023","21,02","20,87","21,25","20,81","61,93K","0,72%"
"06.03.2023","20,87","20,93","20,96","20,63","52,86K","-0,24%"
"03.03.2023","20,92","20,35","21,04","20,32","80,26K","3,00%"
"02.03.2023","20,31","20,57","20,62","20,20","45,55K","-1,26%"
"01.03.2023","20,57","20,09","20,65","20,04","63,13K","-6,84%"
"28.02.2023","22,08","22,11","22,36","22,00","6,78K","-0,05%"
"27.02.2023","22,09","21,37","22,14","21,27","14,80K","3,81%"
"24.02.2023","21,28","21,70","21,78","21,23","32,04K","-1,39%"
"23.02.2023","21,58","21,34","21,70","21,28","45,15K","1,36%"
"22.02.2023","21,29","21,36","21,49","21,25","35,86K","-0,19%"
"21.02.2023","21,33","21,50","21,71","21,31","40,55K","-0,37%"
"17.02.2023","21,41","21,45","21,69","21,35","46,02K","-0,19%"
"16.02.2023","21,45","21,48","21,65","21,27","38,36K","0,33%"
"15.02.2023","21,38","21,48","21,50","21,25","75,66K","-0,88%"
"14.02.2023","21,57","21,27","21,60","21,18","46,95K","1,75%"
"13.02.2023","21,20","21,57","21,66","21,12","70,72K","-1,76%"
"10.02.2023","21,58","21,49","21,89","21,26","88,91K","0,61%"
"09.02.2023","21,45","21,29","21,73","21,24","106,02K","1,18%"
"08.02.2023","21,20","20,84","21,29","20,65","95,41K","1,73%"
"07.02.2023","20,84","20,78","21,05","20,50","107,76K","0,87%"
"06.02.2023","20,66","21,25","21,37","20,58","116,73K","-2,73%"
"03.02.2023","21,24","21,69","21,71","21,18","79,58K","-1,94%"
"02.02.2023","21,66","21,36","21,77","21,30","71,71K","1,36%"
"01.02.2023","21,37","21,80","21,86","21,33","87,08K","-1,79%"
"31.01.2023","21,76","21,25","21,82","21,17","102,05K","2,59%"
"30.01.2023","21,21","21,01","21,33","20,89","93,29K","1,19%"
"27.01.2023","20,96","20,76","21,03","20,55","72,78K","1,35%"
"26.01.2023","20,68","20,08","20,85","20,07","103,16K","2,83%"
"25.01.2023","20,11","19,93","20,15","19,73","62,16K","1,16%"
"24.01.2023","19,88","19,70","19,94","19,57","61,43K","0,91%"
"23.01.2023","19,70","19,63","19,92","19,60","50,53K","-0,10%"
"20.01.2023","19,72","19,76","19,82","19,50","44,66K","0,20%"
"19.01.2023","19,68","19,80","19,99","19,58","53,48K","-0,71%"
"18.01.2023","19,82","20,09","20,25","19,68","65,42K","-1,59%"
"17.01.2023","20,14","19,84","20,19","19,68","60,96K","2,08%"
"13.01.2023","19,73","19,63","19,81","19,46","43,14K","0,71%"
"12.01.2023","19,59","19,65","19,81","19,45","44,81K","-0,31%"
"11.01.2023","19,65","19,55","20,04","19,54","58,36K","0,05%"
"10.01.2023","19,64","19,17","19,83","19,13","80,77K","2,45%"
"09.01.2023","19,17","19,02","19,28","18,92","71,29K","1,11%"
"06.01.2023","18,96","19,38","19,38","18,94","86,20K","-1,96%"
"05.01.2023","19,34","19,60","19,63","19,32","63,58K","-1,02%"
"04.01.2023","19,54","19,70","19,71","19,51","56,12K","-0,81%"
"03.01.2023","19,70","20,00","20,02","19,64","66,15K","-1,70%"
"30.12.2022","20,04","20,40","20,43","20,01","27,36K","-1,23%"
"29.12.2022","20,29","20,23","20,44","20,13","26,93K","0,64%"
"28.12.2022","20,16","20,27","20,49","20,10","49,49K","-0,79%"
"27.12.2022","20,32","20,98","20,99","20,23","44,67K","-3,15%"
"23.12.2022","20,98","20,95","21,18","20,81","33,25K","0,43%"
"22.12.2022","20,89","20,75","21,03","20,60","52,23K","0,67%"
"21.12.2022","20,75","20,65","20,99","20,60","47,68K","0,83%"
"20.12.2022","20,58","20,15","20,70","20,14","74,73K","2,18%"
"19.12.2022","20,14","20,10","20,43","20,03","52,54K","0,25%"
"16.12.2022","20,09","19,88","20,29","19,80","53,26K","0,55%"
"15.12.2022","19,98","20,28","20,73","19,86","105,85K","-1,53%"
"14.12.2022","20,29","19,66","20,41","19,59","98,68K","2,68%"
"13.12.2022","19,76","19,47","19,83","19,31","63,32K","1,96%"
"12.12.2022","19,38","19,68","19,71","19,31","53,29K","-1,12%"
"09.12.2022","19,60","19,73","19,87","19,56","42,69K","-0,41%"
"08.12.2022","19,68","19,57","19,85","19,52","51,40K","1,03%"
"07.12.2022","19,48","19,45","19,54","19,27","45,28K","0,46%"
"06.12.2022","19,39","19,54","19,68","19,36","42,22K","-0,82%"
"05.12.2022","19,55","19,55","19,94","19,52","62,68K","0,36%"
"02.12.2022","19,48","19,66","19,68","19,35","44,75K","-0,71%"
"01.12.2022","19,62","19,70","19,73","19,41","49,73K","-0,05%"
"30.11.2022","19,63","19,52","19,94","19,49","55,09K","0,51%"
"29.11.2022","19,53","19,52","19,78","19,06","72,59K","0,77%"
"28.11.2022","19,38","19,25","19,45","19,05","65,32K","0,26%"
"25.11.2022","19,33","19,78","19,83","19,28","57,87K","-1,13%"
"23.11.2022","19,55","19,74","19,78","19,45","44,73K","-0,96%"
"22.11.2022","19,74","19,94","20,07","19,68","51,89K","-0,60%"
"21.11.2022","19,86","19,98","20,00","19,73","55,90K","-0,95%"
"18.11.2022","20,05","19,60","20,34","19,59","81,00K","1,62%"
"17.11.2022","19,73","20,11","20,20","19,68","82,26K","-2,66%"
"16.11.2022","20,27","20,30","20,48","20,22","81,10K","-0,10%"
"15.11.2022","20,29","19,86","20,33","19,74","90,63K","2,32%"
"14.11.2022","19,83","19,59","19,98","19,50","73,72K","0,97%"
"11.11.2022","19,64","19,45","19,85","19,44","86,89K","1,18%"
"10.11.2022","19,41","19,26","19,43","19,08","91,38K","0,15%"
"09.11.2022","19,38","18,95","19,43","18,85","100,83K","2,00%"
"08.11.2022","19,00","18,70","19,03","18,59","68,46K","1,71%"
"07.11.2022","18,68","18,50","18,80","18,41","68,94K","-0,16%"
"04.11.2022","18,71","18,50","18,82","18,48","76,56K","1,30%"
"03.11.2022","18,47","18,35","18,49","18,20","49,59K","0,00%"
"02.11.2022","18,47","18,45","18,49","18,15","71,01K","0,22%"
"01.11.2022","18,43","18,05","18,50","18,05","86,43K","2,56%"
"31.10.2022","17,97","17,70","18,00","17,67","89,05K","2,22%"
"28.10.2022","17,58","17,72","17,73","17,55","65,48K","-0,73%"
"27.10.2022","17,71","17,88","17,93","17,69","65,95K","-0,84%"
"26.10.2022","17,86","18,10","18,11","17,85","60,60K","-1,38%"
"25.10.2022","18,11","18,16","18,20","18,06","45,21K","-0,11%"
"24.10.2022","18,13","18,32","18,37","18,10","56,77K","-1,36%"
"21.10.2022","18,38","18,38","18,57","18,26","37,04K","-0,05%"
"20.10.2022","18,39","18,64","18,66","18,36","47,51K","-1,39%"
"19.10.2022","18,65","18,73","18,73","18,45","55,75K","-0,11%"
"18.10.2022","18,67","18,77","18,77","18,53","51,33K","-0,53%"
"17.10.2022","18,77","18,81","18,92","18,67","56,48K","-0,37%"
"14.10.2022","18,84","18,83","18,90","18,75","45,90K","0,16%"
"13.10.2022","18,81","18,69","18,83","18,41","54,39K","0,70%"
"12.10.2022","18,68","18,74","18,94","18,57","64,10K","-0,32%"
"11.10.2022","18,74","18,59","18,75","18,35","72,47K","0,70%"
"10.10.2022","18,61","18,68","18,78","18,53","58,99K","-0,37%"
"07.10.2022","18,68","18,31","18,73","18,31","73,04K","1,19%"
"06.10.2022","18,46","17,97","18,50","17,95","74,69K","2,84%"
"05.10.2022","17,95","17,95","18,10","17,89","57,44K","0,22%"
"04.10.2022","17,91","17,52","17,99","17,41","66,97K","2,81%"
"03.10.2022","17,42","17,79","17,83","17,36","59,81K","-5,43%"
"30.09.2022","18,42","18,50","18,60","18,26","4,93K","-0,11%"
"29.09.2022","18,44","18,27","18,48","18,22","17,73K","0,82%"
"28.09.2022","18,29","18,23","18,48","18,10","26,34K","0,55%"
"27.09.2022","18,19","18,42","18,67","18,15","20,67K","-0,87%"
"26.09.2022","18,35","18,26","18,75","18,15","27,46K","0,38%"
"23.09.2022","18,28","18,50","18,55","18,04","48,84K","-1,14%"
"22.09.2022","18,49","18,20","18,52","18,20","29,75K","1,48%"
"21.09.2022","18,22","18,25","18,35","18,08","22,18K","0,16%"
"20.09.2022","18,19","17,81","18,26","17,66","38,03K","2,83%"
"19.09.2022","17,69","17,89","17,91","17,50","30,29K","-1,06%"
"16.09.2022","17,88","18,18","18,21","17,87","64,25K","-1,65%"
"15.09.2022","18,18","18,36","18,38","18,16","78,11K","-0,49%"
"14.09.2022","18,27","18,40","18,55","18,24","82,76K","-0,60%"
"13.09.2022","18,38","18,40","18,59","18,22","101,39K","0,16%"
"12.09.2022","18,35","18,26","18,52","18,13","123,96K","0,71%"
"09.09.2022","18,22","18,01","18,26","17,93","157,68K","1,62%"
"08.09.2022","17,93","18,05","18,24","17,85","112,56K","-0,66%"
"07.09.2022","18,05","17,98","18,34","17,92","107,48K","0,39%"
"06.09.2022","17,98","18,24","18,28","17,93","84,97K","-0,94%"
"02.09.2022","18,15","18,06","18,32","18,03","68,89K","0,89%"
"01.09.2022","17,99","17,86","18,07","17,75","72,16K","0,56%"
"31.08.2022","17,89","18,21","18,25","17,85","56,35K","-1,16%"
"30.08.2022","18,10","18,44","18,52","18,06","43,97K","-1,84%"
"29.08.2022","18,44","18,47","18,51","18,21","47,80K","-0,16%"
"26.08.2022","18,47","17,91","18,49","17,85","75,49K","3,18%"
"25.08.2022","17,90","18,09","18,19","17,71","63,17K","-0,78%"
"24.08.2022","18,04","17,93","18,24","17,90","45,38K","0,84%"
"23.08.2022","17,89","18,00","18,04","17,80","36,07K","-0,28%"
"22.08.2022","17,94","17,94","18,09","17,74","42,03K","-0,83%"
"19.08.2022","18,09","17,78","18,20","17,61","62,70K","1,80%"
"18.08.2022","17,77","18,28","18,28","17,75","53,83K","-2,58%"
"17.08.2022","18,24","18,26","18,43","18,14","36,04K","-0,16%"
"16.08.2022","18,27","18,50","18,54","18,22","47,61K","-1,46%"
"15.08.2022","18,54","18,56","18,70","18,43","49,86K","-0,32%"
"12.08.2022","18,60","18,49","18,65","18,39","39,73K","0,59%"
"11.08.2022","18,49","18,28","18,50","18,18","52,46K","1,15%"
"10.08.2022","18,28","17,98","18,40","17,96","60,74K","1,67%"
"09.08.2022","17,98","17,93","18,07","17,75","40,00K","0,11%"
"08.08.2022","17,96","17,96","18,14","17,79","41,99K","0,11%"
"05.08.2022","17,94","17,66","17,98","17,58","45,25K","2,22%"
"04.08.2022","17,55","17,63","17,86","17,53","42,29K","-1,24%"
"03.08.2022","17,77","17,61","18,03","17,50","51,83K","0,45%"
"02.08.2022","17,69","17,67","17,78","17,36","49,14K","0,51%"
"01.08.2022","17,60","17,58","17,65","17,20","59,73K","0,34%"
"29.07.2022","17,54","17,81","17,89","17,52","47,42K","-1,02%"
"28.07.2022","17,72","17,55","17,97","17,49","79,00K","1,84%"
"27.07.2022","17,40","17,51","17,62","17,32","59,85K","-0,40%"
"26.07.2022","17,47","17,58","17,82","17,35","75,96K","0,00%"
"25.07.2022","17,47","17,86","17,89","17,44","95,11K","-2,35%"
"22.07.2022","17,89","18,42","18,43","17,87","79,86K","-2,51%"
"21.07.2022","18,35","18,70","18,74","18,26","60,91K","-1,71%"
"20.07.2022","18,67","18,87","18,94","18,63","40,66K","-0,90%"
"19.07.2022","18,84","19,31","19,39","18,80","61,38K","-2,94%"
"18.07.2022","19,41","19,27","19,59","19,24","50,32K","0,83%"
"15.07.2022","19,25","18,97","19,38","18,93","52,30K","1,48%"
"14.07.2022","18,97","19,14","19,19","18,82","46,38K","-0,89%"
"13.07.2022","19,14","18,69","19,20","18,69","60,65K","2,41%"
"12.07.2022","18,69","18,80","18,90","18,60","47,00K","-0,90%"
"11.07.2022","18,86","19,05","19,12","18,84","51,31K","-0,84%"
"08.07.2022","19,02","18,49","19,15","18,45","95,07K","2,70%"
"07.07.2022","18,52","18,04","18,59","17,98","76,79K","2,95%"
"06.07.2022","17,99","17,90","18,03","17,75","62,11K","1,07%"
"05.07.2022","17,80","18,20","18,29","17,71","76,00K","-1,49%"
"01.07.2022","18,07","18,45","18,54","18,06","61,11K","-4,04%"
"30.06.2022","18,83","18,52","18,91","18,52","2,41K","1,51%"
"29.06.2022","18,55","18,56","18,64","18,31","21,24K","0,11%"
"28.06.2022","18,53","18,49","18,63","18,38","17,48K","1,26%"
"27.06.2022","18,30","18,39","18,55","18,20","24,80K","-0,38%"
"24.06.2022","18,37","18,39","18,43","18,23","31,76K","-0,05%"
"23.06.2022","18,38","18,42","18,55","18,32","37,10K","-0,38%"
"22.06.2022","18,45","18,60","18,60","18,42","43,51K","-1,13%"
"21.06.2022","18,66","18,60","19,00","18,60","40,69K","0,32%"
"17.06.2022","18,60","18,72","18,96","18,57","38,58K","0,11%"
"16.06.2022","18,58","18,53","18,64","18,39","59,33K","0,65%"
"15.06.2022","18,46","18,66","18,73","18,38","90,37K","-1,28%"
"14.06.2022","18,70","18,71","18,86","18,58","57,57K","-0,05%"
"13.06.2022","18,71","18,80","18,81","18,61","102,31K","-0,85%"
"10.06.2022","18,87","19,30","19,35","18,84","88,71K","-2,18%"
"09.06.2022","19,29","18,99","19,45","18,82","148,35K","1,63%"
"08.06.2022","18,98","18,97","19,17","18,84","113,11K","0,05%"
"07.06.2022","18,97","19,40","19,41","18,94","149,85K","-3,02%"
"06.06.2022","19,56","19,45","19,76","19,45","83,10K","1,40%"
"03.06.2022","19,29","19,35","19,42","19,25","31,79K","-0,31%"
"02.06.2022","19,35","19,38","19,59","19,23","54,01K","-0,46%"
"01.06.2022","19,44","19,40","19,68","19,28","49,33K","0,21%"
"31.05.2022","19,40","19,80","19,92","19,33","54,83K","-1,07%"
"27.05.2022","19,61","19,51","19,73","19,40","30,83K","0,36%"
"26.05.2022","19,54","19,40","19,62","19,27","47,70K","-0,71%"
"25.05.2022","19,68","19,82","19,93","19,54","41,86K","-0,35%"
"24.05.2022","19,75","19,70","19,99","19,45","73,26K","-0,10%"
"23.05.2022","19,77","20,05","20,09","19,72","49,99K","-0,90%"
"20.05.2022","19,95","19,82","20,10","19,73","40,44K","0,91%"
"19.05.2022","19,77","19,76","19,88","19,51","47,69K","-0,30%"
"18.05.2022","19,83","19,95","20,13","19,74","58,65K","-0,85%"
"17.05.2022","20,00","19,66","20,24","19,57","87,60K","1,63%"
"16.05.2022","19,68","19,70","19,70","19,28","75,15K","2,66%"
"13.05.2022","19,17","18,72","19,20","18,68","63,36K","2,84%"
"12.05.2022","18,64","18,47","18,71","18,30","58,51K","0,49%"
"11.05.2022","18,55","18,62","18,73","18,44","48,90K","0,05%"
"10.05.2022","18,54","18,65","18,77","18,51","47,29K","-0,64%"
"09.05.2022","18,66","19,00","19,03","18,56","54,43K","-2,61%"
"06.05.2022","19,16","18,84","19,21","18,57","59,75K","2,02%"
"05.05.2022","18,78","18,74","18,88","18,61","47,63K","0,86%"
"04.05.2022","18,62","18,70","18,91","18,54","57,01K","0,00%"
"03.05.2022","18,62","18,85","18,92","18,59","51,40K","-1,22%"
"02.05.2022","18,85","19,07","19,10","18,69","47,98K","-2,58%"
"29.04.2022","19,35","19,43","19,55","19,35","3,80K","-0,36%"
"28.04.2022","19,42","19,06","19,47","18,94","24,49K","2,10%"
"27.04.2022","19,02","18,99","19,40","18,80","19,22K","0,16%"
"26.04.2022","18,99","19,02","19,19","18,90","29,81K","0,21%"
"25.04.2022","18,95","19,15","19,15","18,87","27,41K","-1,51%"
"22.04.2022","19,24","19,80","19,85","19,21","30,86K","-3,17%"
"21.04.2022","19,87","19,70","19,94","19,57","35,39K","1,27%"
"20.04.2022","19,62","19,80","19,85","19,61","30,97K","-0,61%"
"19.04.2022","19,74","20,20","20,21","19,72","49,26K","-2,57%"
"18.04.2022","20,26","20,14","20,32","19,98","45,14K","1,00%"
"14.04.2022","20,06","20,15","20,35","19,91","49,30K","-0,20%"
"13.04.2022","20,10","20,22","20,51","20,02","90,25K","-0,59%"
"12.04.2022","20,22","20,39","20,48","20,16","126,56K","-0,44%"
"11.04.2022","20,31","20,33","20,37","20,06","109,51K","-0,49%"
"08.04.2022","20,41","19,93","20,45","19,84","128,05K","2,87%"
"07.04.2022","19,84","19,60","20,04","19,59","114,82K","1,28%"
"06.04.2022","19,59","19,70","19,76","19,45","68,33K","-0,31%"
"05.04.2022","19,65","19,71","19,81","19,54","50,77K","0,20%"
"04.04.2022","19,61","19,37","19,77","19,37","62,24K","1,24%"
"01.04.2022","19,37","19,42","19,52","19,25","52,11K","-0,62%"
"31.03.2022","19,49","19,31","19,54","19,24","44,98K","0,10%"
"30.03.2022","19,47","19,23","19,59","19,20","45,84K","1,88%"
"29.03.2022","19,11","19,59","19,60","18,84","78,67K","-2,45%"
"28.03.2022","19,59","19,52","19,64","19,37","43,45K","-0,10%"
"25.03.2022","19,61","19,31","19,65","19,21","46,72K","1,82%"
"24.03.2022","19,26","19,21","19,50","19,20","38,14K","0,10%"
"23.03.2022","19,24","19,15","19,37","19,03","30,22K","0,47%"
"22.03.2022","19,15","19,33","19,33","19,12","32,13K","-0,67%"
"21.03.2022","19,28","19,00","19,34","18,98","36,34K","1,85%"
"18.03.2022","18,93","18,74","19,00","18,57","28,29K","1,28%"
"17.03.2022","18,69","18,62","18,97","18,56","31,33K","0,70%"
"16.03.2022","18,56","18,80","18,85","18,51","32,29K","-0,91%"
"15.03.2022","18,73","18,85","18,90","18,57","57,42K","-2,09%"
"14.03.2022","19,13","19,20","19,20","19,00","36,32K","-0,57%"
"11.03.2022","19,24","19,12","19,29","18,87","45,90K","0,73%"
"10.03.2022","19,10","19,02","19,59","18,96","81,54K","0,84%"
"09.03.2022","18,94","19,43","19,63","18,91","75,19K","-2,52%"
"08.03.2022","19,43","19,20","19,73","19,01","68,66K","0,83%"
"07.03.2022","19,27","19,58","19,89","19,22","100,18K","-0,41%"
"04.03.2022","19,35","18,90","19,48","18,81","101,32K","2,22%"
"03.03.2022","18,93","18,65","18,98","18,45","75,75K","1,56%"
"02.03.2022","18,64","18,50","18,67","18,28","72,44K","1,64%"
"01.03.2022","18,34","17,72","18,43","17,70","80,07K","1,89%"
"28.02.2022","18,00","18,19","18,19","17,84","10,64K","0,06%"
"25.02.2022","17,99","18,33","18,38","17,95","25,00K","-1,80%"
"24.02.2022","18,32","18,69","18,87","18,25","37,97K","-1,13%"
"23.02.2022","18,53","18,48","18,60","18,45","37,00K","0,27%"
"22.02.2022","18,48","18,30","18,50","18,27","46,94K","1,54%"
"18.02.2022","18,20","18,25","18,48","18,11","31,30K","-0,44%"
"17.02.2022","18,28","18,05","18,35","18,05","28,63K","1,16%"
"16.02.2022","18,07","18,15","18,25","18,04","49,15K","0,00%"
"15.02.2022","18,07","18,19","18,27","17,96","91,62K","-0,28%"
"14.02.2022","18,12","18,22","18,40","18,01","41,01K","-0,77%"
"11.02.2022","18,26","18,23","18,35","18,07","69,32K","-0,22%"
"10.02.2022","18,30","18,48","18,54","18,22","75,25K","-0,97%"
"09.02.2022","18,48","18,08","18,68","18,02","165,37K","2,21%"
"08.02.2022","18,08","18,01","18,14","17,84","66,92K","0,17%"
"07.02.2022","18,05","18,16","18,30","17,97","60,63K","-0,99%"
"04.02.2022","18,23","18,01","18,30","17,98","75,86K","1,33%"
"03.02.2022","17,99","17,93","18,12","17,77","61,92K","0,33%"
"02.02.2022","17,93","18,50","18,50","17,86","82,94K","-2,98%"
"01.02.2022","18,48","18,29","18,56","18,17","62,19K","1,43%"
"31.01.2022","18,22","18,30","18,36","17,90","72,98K","0,11%"
"28.01.2022","18,20","18,42","18,50","18,09","52,71K","-1,14%"
"27.01.2022","18,41","18,39","18,53","18,31","38,29K","-0,43%"
"26.01.2022","18,49","18,75","18,81","18,38","62,92K","-1,54%"
"25.01.2022","18,78","18,85","18,95","18,62","52,63K","-0,16%"
"24.01.2022","18,81","18,84","18,98","18,51","55,03K","-0,48%"
"21.01.2022","18,90","18,81","19,11","18,68","47,15K","-0,16%"
"20.01.2022","18,93","19,01","19,29","18,87","64,59K","-0,73%"
"19.01.2022","19,07","18,75","19,15","18,70","67,73K","2,20%"
"18.01.2022","18,66","18,50","18,79","18,45","70,88K","1,91%"
"14.01.2022","18,31","18,10","18,37","18,03","41,51K","1,22%"
"13.01.2022","18,09","18,34","18,42","17,94","53,42K","-1,36%"
"12.01.2022","18,34","18,19","18,47","18,15","53,10K","1,27%"
"11.01.2022","18,11","17,95","18,21","17,85","63,33K","1,57%"
"10.01.2022","17,83","18,15","18,20","17,60","75,29K","-1,22%"
"07.01.2022","18,05","18,26","18,44","17,99","46,86K","-0,77%"
"06.01.2022","18,19","18,31","18,39","18,15","46,25K","-0,82%"
"05.01.2022","18,34","18,80","18,80","18,32","59,41K","-2,19%"
"04.01.2022","18,75","18,75","18,85","18,62","40,17K","0,05%"
"03.01.2022","18,74","18,94","19,01","18,68","20,40K","-0,74%"
"31.12.2021","18,88","18,78","18,98","18,75","22,01K","0,53%"
"30.12.2021","18,78","19,10","19,10","18,62","36,45K","-1,68%"
"29.12.2021","19,10","18,97","19,17","18,83","28,39K","0,74%"
"28.12.2021","18,96","19,22","19,36","18,91","27,69K","-1,30%"
"27.12.2021","19,21","19,15","19,29","19,05","17,26K","-0,16%"
"23.12.2021","19,24","19,23","19,38","19,12","32,23K","-0,10%"
"22.12.2021","19,26","18,80","19,38","18,74","47,81K","2,77%"
"21.12.2021","18,74","18,68","18,78","18,57","40,48K","0,81%"
"20.12.2021","18,59","18,95","18,95","18,52","59,19K","-2,72%"
"17.12.2021","19,11","19,34","19,39","19,01","30,05K","-1,49%"
"16.12.2021","19,40","19,40","19,53","19,19","32,52K","0,57%"
"15.12.2021","19,29","19,58","19,59","19,18","47,16K","-1,83%"
"14.12.2021","19,65","19,72","19,79","19,61","31,85K","0,05%"
"13.12.2021","19,64","19,76","19,85","19,58","26,78K","-0,36%"
"10.12.2021","19,71","19,66","19,84","19,52","28,24K","0,10%"
"09.12.2021","19,69","19,82","19,87","19,53","35,04K","-0,66%"
"08.12.2021","19,82","19,40","19,90","19,36","55,82K","1,75%"
"07.12.2021","19,48","19,22","19,51","19,20","50,07K","1,67%"
"06.12.2021","19,16","18,84","19,25","18,76","41,36K","2,19%"
"03.12.2021","18,75","18,68","18,96","18,67","47,46K","0,70%"
"02.12.2021","18,62","18,69","18,78","18,46","63,60K","0,11%"
"01.12.2021","18,60","18,86","18,88","18,56","65,16K","0,00%"
"30.11.2021","18,60","19,12","19,19","18,55","97,90K","-3,07%"
"29.11.2021","19,19","19,56","19,66","19,15","45,66K","-0,83%"
"26.11.2021","19,35","19,70","19,73","19,15","83,61K","-2,91%"
"24.11.2021","19,93","20,01","20,19","19,80","40,23K","-0,90%"
"23.11.2021","20,11","19,70","20,15","19,60","50,67K","1,77%"
"22.11.2021","19,76","19,99","20,10","19,68","46,86K","-1,15%"
"19.11.2021","19,99","20,18","20,29","19,89","43,17K","-0,94%"
"18.11.2021","20,18","20,46","20,69","20,10","58,68K","-1,18%"
"17.11.2021","20,42","19,99","20,51","19,96","67,01K","2,15%"
"16.11.2021","19,99","19,70","20,01","19,67","35,09K","1,27%"
"15.11.2021","19,74","20,01","20,12","19,64","38,84K","-1,35%"
"12.11.2021","20,01","20,11","20,17","19,92","40,91K","-0,55%"
"11.11.2021","20,12","19,62","20,15","19,62","52,17K","2,65%"
"10.11.2021","19,60","19,90","19,98","19,52","56,01K","-1,51%"
"09.11.2021","19,90","19,94","20,10","19,80","38,93K","-0,10%"
"08.11.2021","19,92","19,99","20,10","19,88","40,92K","-0,10%"
"05.11.2021","19,94","19,66","19,99","19,56","48,97K","1,58%"
"04.11.2021","19,63","19,42","19,83","19,38","55,25K","1,29%"
"03.11.2021","19,38","19,53","19,53","19,33","31,46K","-0,82%"
"02.11.2021","19,54","19,37","19,65","19,29","38,15K","0,88%"
"01.11.2021","19,37","19,28","19,54","19,19","29,77K","0,52%"
"29.10.2021","19,27","19,62","19,70","19,21","41,16K","-1,78%"
"28.10.2021","19,62","19,70","19,83","19,50","41,43K","-0,41%"
"27.10.2021","19,70","19,60","19,86","19,53","42,57K","0,20%"
"26.10.2021","19,66","19,37","19,69","19,32","42,00K","1,39%"
"25.10.2021","19,39","19,15","19,44","18,98","46,85K","1,62%"
"22.10.2021","19,08","19,03","19,15","18,92","33,44K","0,74%"
"21.10.2021","18,94","19,00","19,19","18,87","41,91K","-0,16%"
"20.10.2021","18,97","19,01","19,11","18,84","48,79K","0,53%"
"19.10.2021","18,87","19,35","19,44","18,82","78,46K","-2,48%"
"18.10.2021","19,35","19,77","19,80","19,14","68,10K","-2,27%"
"15.10.2021","19,80","19,60","19,97","19,59","48,62K","1,07%"
"14.10.2021","19,59","19,88","20,01","19,48","74,89K","-1,36%"
"13.10.2021","19,86","20,11","20,15","19,83","44,16K","-1,05%"
"12.10.2021","20,07","20,32","20,38","20,03","38,16K","-1,28%"
"11.10.2021","20,33","20,34","20,61","20,22","44,43K","0,20%"
"08.10.2021","20,29","19,89","20,34","19,84","45,56K","2,27%"
"07.10.2021","19,84","19,77","20,02","19,76","32,01K","0,35%"
"06.10.2021","19,77","19,80","19,87","19,65","29,68K","-0,40%"
"05.10.2021","19,85","19,74","20,04","19,62","36,90K","0,81%"
"04.10.2021","19,69","20,03","20,10","19,63","47,48K","-1,84%"
"01.10.2021","20,06","20,31","20,35","20,02","39,70K","1,16%"
"30.09.2021","19,83","19,08","19,93","18,73","2,76K","4,70%"
"29.09.2021","18,94","18,96","19,32","18,87","7,94K","-0,21%"
"28.09.2021","18,98","18,76","19,05","18,49","16,89K","1,33%"
"27.09.2021","18,73","19,24","19,29","18,72","45,65K","-1,94%"
"24.09.2021","19,10","19,55","19,55","19,05","29,32K","-2,00%"
"23.09.2021","19,49","19,40","19,54","19,29","30,69K","0,83%"
"22.09.2021","19,33","19,04","19,38","19,02","38,59K","1,90%"
"21.09.2021","18,97","18,89","19,24","18,82","25,97K","0,58%"
"20.09.2021","18,86","19,00","19,10","18,81","33,68K","-1,67%"
"17.09.2021","19,18","19,52","19,59","19,04","30,20K","-1,59%"
"16.09.2021","19,49","19,52","19,70","19,30","66,17K","-0,15%"
"15.09.2021","19,52","18,99","19,65","18,96","123,30K","2,95%"
"14.09.2021","18,96","19,06","19,18","18,80","94,85K","-0,11%"
"13.09.2021","18,98","18,81","19,02","18,57","84,10K","1,01%"
"10.09.2021","18,79","19,25","19,25","18,73","97,49K","-2,34%"
"09.09.2021","19,24","19,51","19,55","19,10","113,30K","-1,28%"
"08.09.2021","19,49","19,50","19,76","19,45","103,48K","0,05%"
"07.09.2021","19,48","19,63","19,72","19,44","66,79K","-0,71%"
"03.09.2021","19,62","19,90","19,91","19,55","59,30K","-1,41%"
"02.09.2021","19,90","19,67","19,94","19,62","59,00K","1,17%"
"01.09.2021","19,67","19,93","20,05","19,61","58,85K","-0,86%"
"31.08.2021","19,84","20,30","20,30","19,73","59,74K","-1,88%"
"30.08.2021","20,22","20,04","20,30","20,01","37,09K","0,90%"
"27.08.2021","20,04","19,68","20,10","19,62","41,11K","1,83%"
"26.08.2021","19,68","19,78","19,87","19,49","36,32K","-0,25%"
"25.08.2021","19,73","19,52","19,83","19,42","37,51K","0,77%"
"24.08.2021","19,58","19,68","19,88","19,51","51,38K","0,00%"
"23.08.2021","19,58","19,58","19,79","19,50","40,51K","0,00%"
"20.08.2021","19,58","19,79","19,98","19,47","45,25K","-1,06%"
"19.08.2021","19,79","20,09","20,09","19,71","57,19K","-1,88%"
"18.08.2021","20,17","20,01","20,31","19,99","40,89K","0,75%"
"17.08.2021","20,02","20,02","20,37","19,93","51,73K","-0,05%"
"16.08.2021","20,03","19,99","20,17","19,89","48,09K","0,40%"
"13.08.2021","19,95","19,60","20,10","19,53","51,70K","2,10%"
"12.08.2021","19,54","19,45","19,64","19,33","42,14K","0,36%"
"11.08.2021","19,47","19,66","19,67","19,30","55,01K","-0,61%"
"10.08.2021","19,59","18,63","19,75","18,54","85,98K","6,06%"
"09.08.2021","18,47","18,59","18,70","18,36","32,96K","-1,12%"
"06.08.2021","18,68","18,56","18,92","18,50","40,12K","0,32%"
"05.08.2021","18,62","18,00","18,69","17,83","54,55K","3,85%"
"04.08.2021","17,93","18,08","18,20","17,91","46,00K","-0,28%"
"03.08.2021","17,98","17,92","18,24","17,74","49,39K","0,17%"
"02.08.2021","17,95","17,86","18,15","17,86","37,79K","0,22%"
"30.07.2021","17,91","18,30","18,45","17,80","58,62K","-2,13%"
"29.07.2021","18,30","18,70","18,81","18,23","55,83K","-1,67%"
"28.07.2021","18,61","18,40","18,69","18,10","48,43K","1,42%"
"27.07.2021","18,35","18,65","18,73","18,26","59,75K","-0,38%"
"26.07.2021","18,42","18,22","18,64","17,77","60,24K","1,38%"
"23.07.2021","18,17","17,65","18,28","17,65","60,33K","3,12%"
"22.07.2021","17,62","17,70","17,74","17,47","37,98K","-0,28%"
"21.07.2021","17,67","17,55","17,69","17,27","32,97K","1,49%"
"20.07.2021","17,41","17,20","17,53","17,20","40,68K","1,99%"
"19.07.2021","17,07","17,70","17,79","17,05","48,09K","-3,61%"
"16.07.2021","17,71","17,33","17,78","17,24","45,80K","2,19%"
"15.07.2021","17,33","16,86","17,37","16,83","44,82K","2,36%"
"14.07.2021","16,93","17,24","17,25","16,84","44,43K","-0,88%"
"13.07.2021","17,08","17,10","17,22","16,73","64,24K","0,53%"
"12.07.2021","16,99","17,24","17,25","16,93","54,27K","-1,68%"
"09.07.2021","17,28","17,33","17,46","17,17","49,67K","-0,97%"
"08.07.2021","17,45","17,78","17,81","17,32","44,06K","-1,69%"
"07.07.2021","17,75","17,89","18,11","17,45","64,65K","-0,67%"
"06.07.2021","17,87","18,35","18,43","17,82","68,54K","-1,54%"
"02.07.2021","18,15","18,00","18,34","17,89","49,06K","1,17%"
"01.07.2021","17,94","17,92","18,49","17,73","90,26K","1,76%"
"30.06.2021","17,63","17,25","17,58","17,06","3,67K","2,32%"
"29.06.2021","17,23","17,24","17,30","16,92","14,82K","0,00%"
"28.06.2021","17,23","16,98","17,26","16,80","19,16K","1,95%"
"25.06.2021","16,90","16,96","17,00","16,73","41,19K","-0,18%"
"24.06.2021","16,93","16,63","16,99","16,50","28,70K","1,44%"
"23.06.2021","16,69","16,50","16,85","16,49","22,89K","1,58%"
"22.06.2021","16,43","16,73","16,77","16,30","41,03K","-2,09%"
"21.06.2021","16,78","16,42","16,91","16,19","39,86K","2,13%"
"18.06.2021","16,43","16,61","16,78","16,32","51,14K","-0,73%"
"17.06.2021","16,55","16,91","16,95","16,52","57,66K","-2,88%"
"16.06.2021","17,04","17,00","17,31","16,96","47,65K","-0,06%"
"15.06.2021","17,05","17,34","17,46","16,93","121,32K","-1,39%"
"14.06.2021","17,29","17,50","17,50","16,93","81,68K","-1,43%"
"11.06.2021","17,54","17,66","17,69","17,36","88,33K","-0,68%"
"10.06.2021","17,66","17,66","17,84","17,58","79,81K","-0,39%"
"09.06.2021","17,73","17,71","17,90","17,56","99,69K","0,11%"
"08.06.2021","17,71","17,34","17,76","17,30","74,05K","1,90%"
"07.06.2021","17,38","17,73","17,83","17,32","62,69K","-1,86%"
"04.06.2021","17,71","17,43","17,82","17,43","52,72K","1,61%"
"03.06.2021","17,43","17,74","17,74","17,29","45,75K","-1,41%"
"02.06.2021","17,68","17,77","17,93","17,49","53,27K","-0,06%"
"01.06.2021","17,69","17,51","17,89","17,51","56,04K","1,90%"
"28.05.2021","17,36","17,20","17,69","17,20","63,27K","1,40%"
"27.05.2021","17,12","16,80","17,20","16,78","49,11K","2,03%"
"26.05.2021","16,78","17,08","17,13","16,63","47,48K","-1,53%"
"25.05.2021","17,04","16,88","17,27","16,86","37,09K","1,25%"
"24.05.2021","16,83","16,66","16,92","16,54","37,55K","0,96%"
"21.05.2021","16,67","16,98","17,02","16,60","51,84K","-2,17%"
"20.05.2021","17,04","16,96","17,12","16,89","28,85K","0,53%"
"19.05.2021","16,95","17,10","17,10","16,85","43,18K","-1,51%"
"18.05.2021","17,21","17,05","17,36","16,96","51,28K","1,29%"
"17.05.2021","16,99","17,00","17,12","16,80","39,24K","0,18%"
"14.05.2021","16,96","17,20","17,45","16,92","48,63K","-0,88%"
"13.05.2021","17,11","17,80","17,80","17,01","79,70K","-4,09%"
"12.05.2021","17,84","18,17","18,25","17,78","48,45K","-1,44%"
"11.05.2021","18,10","17,49","18,14","17,40","69,37K","3,49%"
"10.05.2021","17,49","17,35","17,75","17,26","43,78K","0,00%"
"07.05.2021","17,49","17,55","17,69","17,32","52,16K","-0,34%"
"06.05.2021","17,55","17,57","17,89","17,34","59,74K","0,11%"
"05.05.2021","17,53","17,24","17,58","17,18","49,24K","2,39%"
"04.05.2021","17,12","16,76","17,27","16,76","38,31K","2,33%"
"03.05.2021","16,73","17,02","17,32","16,69","45,07K","-4,07%"
"30.04.2021","17,44","17,07","17,77","16,77","4,45K","2,11%"
"29.04.2021","17,08","17,29","17,52","16,63","9,83K","-1,27%"
"28.04.2021","17,30","17,86","17,86","17,14","22,13K","-3,57%"
"27.04.2021","17,94","17,17","17,98","17,16","21,88K","4,48%"
"26.04.2021","17,17","16,95","17,24","16,82","26,02K","1,54%"
"23.04.2021","16,91","16,91","17,08","16,83","23,26K","-0,06%"
"22.04.2021","16,92","16,90","17,07","16,81","25,98K","-0,12%"
"21.04.2021","16,94","16,71","16,99","16,62","24,07K","1,01%"
"20.04.2021","16,77","16,33","16,88","16,33","28,23K","2,95%"
"19.04.2021","16,29","16,67","16,72","16,26","33,30K","-2,57%"
"16.04.2021","16,72","16,38","16,80","16,22","62,19K","2,08%"
"15.04.2021","16,38","15,97","16,42","15,87","111,51K","3,28%"
"14.04.2021","15,86","15,50","15,93","15,50","87,07K","2,79%"
"13.04.2021","15,43","15,34","15,64","15,34","78,21K","0,52%"
"12.04.2021","15,35","15,48","15,63","15,32","67,69K","-0,71%"
"09.04.2021","15,46","15,26","15,72","15,22","91,27K","1,84%"
"08.04.2021","15,18","15,13","15,39","15,13","65,85K","0,26%"
"07.04.2021","15,14","15,18","15,34","14,99","53,60K","-0,13%"
"06.04.2021","15,16","14,80","15,21","14,79","65,35K","2,16%"
"05.04.2021","14,84","14,74","14,96","14,69","29,96K","0,88%"
"01.04.2021","14,71","14,71","14,94","14,68","52,15K","-0,41%"
"31.03.2021","14,77","14,94","15,03","14,67","69,82K","-1,01%"
"30.03.2021","14,92","15,00","15,14","14,87","43,42K","0,00%"
"29.03.2021","14,92","15,13","15,16","14,84","60,21K","-1,78%"
"26.03.2021","15,19","15,12","15,29","15,09","34,65K","0,66%"
"25.03.2021","15,09","15,54","15,63","15,01","61,56K","-3,45%"
"24.03.2021","15,63","15,40","15,67","15,28","31,70K","1,30%"
"23.03.2021","15,43","15,52","15,54","15,05","76,78K","-0,64%"
"22.03.2021","15,53","15,76","15,86","15,51","40,30K","-1,46%"
"19.03.2021","15,76","15,81","15,89","15,55","59,63K","-0,82%"
"18.03.2021","15,89","16,05","16,10","15,81","35,36K","-0,63%"
"17.03.2021","15,99","16,23","16,28","15,94","47,23K","-1,90%"
"16.03.2021","16,30","16,20","16,55","16,07","45,66K","1,12%"
"15.03.2021","16,12","16,20","16,28","15,91","55,36K","-0,06%"
"12.03.2021","16,13","16,29","16,30","16,07","38,02K","-1,41%"
"11.03.2021","16,36","16,06","16,41","16,00","55,02K","2,51%"
"10.03.2021","15,96","15,95","16,13","15,91","42,07K","0,38%"
"09.03.2021","15,90","16,13","16,16","15,85","63,23K","-1,85%"
"08.03.2021","16,20","16,50","16,54","16,15","39,69K","-1,22%"
"05.03.2021","16,40","16,26","16,56","16,08","41,18K","0,86%"
"04.03.2021","16,26","16,13","16,41","15,96","48,26K","0,74%"
"03.03.2021","16,14","16,50","16,53","16,07","42,40K","-1,77%"
"02.03.2021","16,43","16,20","16,53","16,02","59,17K","1,36%"
"01.03.2021","16,21","16,55","16,70","16,17","58,12K","-7,53%"
"26.02.2021","17,53","17,78","17,78","17,32","3,82K","-1,74%"
"25.02.2021","17,84","18,12","18,38","17,70","10,62K","-1,76%"
"24.02.2021","18,16","18,40","18,50","18,10","35,60K","-1,36%"
"23.02.2021","18,41","18,76","18,94","18,25","48,48K","-1,97%"
"22.02.2021","18,78","17,89","18,89","17,64","63,66K","5,56%"
"19.02.2021","17,79","17,66","17,96","17,60","65,04K","1,60%"
"18.02.2021","17,51","17,00","17,54","17,00","39,29K","3,24%"
"17.02.2021","16,96","16,85","17,09","16,80","54,61K","1,37%"
"16.02.2021","16,73","16,54","16,77","16,49","71,37K","2,39%"
"15.02.2021","16,34","16,34","16,34","16,34","","-0,24%"
"12.02.2021","16,38","16,51","16,59","16,30","46,92K","-1,03%"
"11.02.2021","16,55","16,70","16,82","16,47","75,57K","-0,96%"
"10.02.2021","16,71","16,53","17,05","16,37","118,09K","1,64%"
"09.02.2021","16,44","16,35","16,58","16,21","98,81K","1,04%"
"08.02.2021","16,27","16,46","16,61","16,26","77,09K","-0,91%"
"05.02.2021","16,42","16,17","16,52","16,07","86,15K","2,31%"
"04.02.2021","16,05","16,14","16,16","15,82","59,47K","0,06%"
"03.02.2021","16,04","16,29","16,38","15,96","55,99K","-1,53%"
"02.02.2021","16,29","16,25","16,48","16,08","50,94K","0,87%"
"01.02.2021","16,15","15,93","16,27","15,87","55,86K","2,02%"
"29.01.2021","15,83","15,57","16,03","15,55","55,78K","1,54%"
"28.01.2021","15,59","15,78","16,00","15,57","47,86K","-1,33%"
"27.01.2021","15,80","15,84","16,19","15,66","49,89K","0,38%"
"26.01.2021","15,74","15,74","15,86","15,62","45,12K","0,00%"
"25.01.2021","15,74","15,94","16,10","15,72","45,72K","-0,82%"
"22.01.2021","15,87","15,99","16,04","15,73","46,07K","-1,12%"
"21.01.2021","16,05","16,30","16,38","15,81","57,00K","-1,35%"
"20.01.2021","16,27","16,10","16,56","16,02","50,38K","1,06%"
"19.01.2021","16,10","16,50","16,70","16,06","55,68K","-2,13%"
"15.01.2021","16,45","16,67","16,71","16,27","64,78K","-1,32%"
"14.01.2021","16,67","15,95","16,75","15,95","73,48K","5,24%"
"13.01.2021","15,84","15,55","15,98","15,51","45,43K","2,46%"
"12.01.2021","15,46","15,75","15,94","15,44","44,58K","-1,34%"
"11.01.2021","15,67","15,55","15,75","15,40","60,80K","0,45%"
"08.01.2021","15,60","15,70","15,87","15,54","43,32K","0,00%"
"07.01.2021","15,60","16,33","16,33","15,55","63,17K","-4,00%"
"06.01.2021","16,25","16,12","16,32","16,02","54,11K","0,81%"
"05.01.2021","16,12","15,75","16,15","15,64","69,66K","2,28%"
"04.01.2021","15,76","15,65","16,13","15,55","89,03K","1,74%"